video_id,channel_id,channel_name,lean,published_at,year,month,view_count,like_count,comment_count
AC6u5Y0Ugp0,UCnQC_G5Xsjhp9fEJKuIcrSw,Ben Shapiro,conservative,2025-12-26T18:00:18Z,2025,12,688281,1193,723
r4Cig58bsr8,UCnQC_G5Xsjhp9fEJKuIcrSw,Ben Shapiro,conservative,2025-12-19T18:01:08Z,2025,12,822237,17094,12915
CU6ON6aUrn0,UCnQC_G5Xsjhp9fEJKuIcrSw,Ben Shapiro,conservative,2025-12-15T18:18:00Z,2025,12,765979,8743,3606
P3cBbwd6Dos,UCnQC_G5Xsjhp9fEJKuIcrSw,Ben Shapiro,conservative,2025-11-05T20:00:17Z,2025,11,722700,9299,3760
FwzyDJij_w4,UCnQC_G5Xsjhp9fEJKuIcrSw,Ben Shapiro,conservative,2025-11-04T18:00:28Z,2025,11,712523,6372,2983
OaRJlL5mOF8,UCnQC_G5Xsjhp9fEJKuIcrSw,Ben Shapiro,conservative,2025-11-03T14:02:09Z,2025,11,1086625,41578,41290
3Kp1g0BsFeU,UCnQC_G5Xsjhp9fEJKuIcrSw,Ben Shapiro,conservative,2025-10-18T19:00:04Z,2025,10,1799712,64762,2321
OiwQ1aYVL28,UCnQC_G5Xsjhp9fEJKuIcrSw,Ben Shapiro,conservative,2025-10-13T18:24:16Z,2025,10,994340,14314,1702
4AchHeRACOQ,UCnQC_G5Xsjhp9fEJKuIcrSw,Ben Shapiro,conservative,2025-10-09T22:00:05Z,2025,10,1232749,21840,810
2X7FMBpg7fs,UCnQC_G5Xsjhp9fEJKuIcrSw,Ben Shapiro,conservative,2025-09-11T17:40:00Z,2025,9,1532134,75332,14401
xe1GTAq8WDY,UCnQC_G5Xsjhp9fEJKuIcrSw,Ben Shapiro,conservative,2025-09-10T23:13:31Z,2025,9,2516935,83452,7758
6yFFyM7niss,UCnQC_G5Xsjhp9fEJKuIcrSw,Ben Shapiro,conservative,2025-09-09T21:00:15Z,2025,9,1167149,22092,8125
IDF5-IPl9e0,UCnQC_G5Xsjhp9fEJKuIcrSw,Ben Shapiro,conservative,2025-08-30T22:00:15Z,2025,8,1071754,42021,920
ZIZc3oS8jP4,UCnQC_G5Xsjhp9fEJKuIcrSw,Ben Shapiro,conservative,2025-08-19T19:00:28Z,2025,8,1329409,51273,1485
qLWYJHZh9IU,UCnQC_G5Xsjhp9fEJKuIcrSw,Ben Shapiro,conservative,2025-08-15T01:00:50Z,2025,8,3557692,97799,4123
1dYlzcb7Pes,UCnQC_G5Xsjhp9fEJKuIcrSw,Ben Shapiro,conservative,2025-07-29T01:00:04Z,2025,7,3281884,42795,1259
PNCtSfME3K8,UCnQC_G5Xsjhp9fEJKuIcrSw,Ben Shapiro,conservative,2025-07-22T19:00:21Z,2025,7,4628840,122794,1506
5LhXv8F_iYw,UCnQC_G5Xsjhp9fEJKuIcrSw,Ben Shapiro,conservative,2025-07-18T19:00:09Z,2025,7,1214665,16470,718
wiPjkQfMbIY,UCnQC_G5Xsjhp9fEJKuIcrSw,Ben Shapiro,conservative,2025-06-22T22:41:09Z,2025,6,652674,25099,4325
y4FrpFHZzpY,UCnQC_G5Xsjhp9fEJKuIcrSw,Ben Shapiro,conservative,2025-06-21T14:01:33Z,2025,6,1045266,29534,1105
2vjnGeIDIfc,UCnQC_G5Xsjhp9fEJKuIcrSw,Ben Shapiro,conservative,2025-06-05T22:16:12Z,2025,6,1204207,37088,7669
Y4YthYBAqH0,UCnQC_G5Xsjhp9fEJKuIcrSw,Ben Shapiro,conservative,2025-05-30T03:00:39Z,2025,5,743100,19542,1910
Fn4R7WVMHlo,UCnQC_G5Xsjhp9fEJKuIcrSw,Ben Shapiro,conservative,2025-05-12T22:00:31Z,2025,5,503703,8591,3433
pbPG_Wnhevc,UCnQC_G5Xsjhp9fEJKuIcrSw,Ben Shapiro,conservative,2025-05-10T14:01:14Z,2025,5,393346,13855,2345
DvPNS3gmnzY,UCnQC_G5Xsjhp9fEJKuIcrSw,Ben Shapiro,conservative,2025-04-10T22:00:13Z,2025,4,1755082,44590,736
MBeUkH0FW4I,UCnQC_G5Xsjhp9fEJKuIcrSw,Ben Shapiro,conservative,2025-04-07T19:00:24Z,2025,4,1878041,35466,1749
HDp83kP4yuY,UCnQC_G5Xsjhp9fEJKuIcrSw,Ben Shapiro,conservative,2025-04-02T15:00:24Z,2025,4,1174758,37829,1630
bXVn7_XorU8,UCnQC_G5Xsjhp9fEJKuIcrSw,Ben Shapiro,conservative,2025-03-29T01:00:25Z,2025,3,2172539,71858,2787
cJsBvjla3Kc,UCnQC_G5Xsjhp9fEJKuIcrSw,Ben Shapiro,conservative,2025-03-07T23:00:35Z,2025,3,1545531,34301,1680
astCamNc-zs,UCnQC_G5Xsjhp9fEJKuIcrSw,Ben Shapiro,conservative,2025-03-06T00:00:03Z,2025,3,2115366,77576,5110
OZ7fi38Wk3I,UCnQC_G5Xsjhp9fEJKuIcrSw,Ben Shapiro,conservative,2025-02-26T02:00:17Z,2025,2,5079014,215697,49262
fwUWJtNoDyE,UCnQC_G5Xsjhp9fEJKuIcrSw,Ben Shapiro,conservative,2025-02-16T21:00:24Z,2025,2,1879069,91511,1310
gucMoWjCe98,UCnQC_G5Xsjhp9fEJKuIcrSw,Ben Shapiro,conservative,2025-02-09T23:00:30Z,2025,2,1418593,96078,1331
tHwbxOEydCo,UCnQC_G5Xsjhp9fEJKuIcrSw,Ben Shapiro,conservative,2025-01-27T23:00:49Z,2025,1,1636985,84095,1422
2Qsx25t_ubA,UCnQC_G5Xsjhp9fEJKuIcrSw,Ben Shapiro,conservative,2025-01-27T20:00:02Z,2025,1,1962972,64491,1534
AHtafqy_hyo,UCnQC_G5Xsjhp9fEJKuIcrSw,Ben Shapiro,conservative,2025-01-07T23:00:05Z,2025,1,2248546,128023,4623
FqkKuc0wRX4,UCnQC_G5Xsjhp9fEJKuIcrSw,Ben Shapiro,conservative,2024-12-20T03:45:00Z,2024,12,1430169,51289,1452
9IWsMHzsN0w,UCnQC_G5Xsjhp9fEJKuIcrSw,Ben Shapiro,conservative,2024-12-20T03:00:08Z,2024,12,1709726,60680,1105
J2ba9PypZmU,UCnQC_G5Xsjhp9fEJKuIcrSw,Ben Shapiro,conservative,2024-12-04T04:00:09Z,2024,12,1747965,88768,3195
NXPsj4JuVC0,UCnQC_G5Xsjhp9fEJKuIcrSw,Ben Shapiro,conservative,2024-11-14T04:10:00Z,2024,11,3063909,141443,2581
3aUtYVr62lw,UCnQC_G5Xsjhp9fEJKuIcrSw,Ben Shapiro,conservative,2024-11-10T13:00:08Z,2024,11,1963939,41453,252
neGWHZydtQ4,UCnQC_G5Xsjhp9fEJKuIcrSw,Ben Shapiro,conservative,2024-11-06T08:16:43Z,2024,11,2508298,39913,529
SbySFnqNpo4,UCnQC_G5Xsjhp9fEJKuIcrSw,Ben Shapiro,conservative,2024-10-26T16:22:00Z,2024,10,2901845,98454,10048
5r3WiCUdBMQ,UCnQC_G5Xsjhp9fEJKuIcrSw,Ben Shapiro,conservative,2024-10-22T04:00:04Z,2024,10,1728509,94516,2682
wI6LxBkEKmA,UCnQC_G5Xsjhp9fEJKuIcrSw,Ben Shapiro,conservative,2024-10-22T03:15:02Z,2024,10,4160970,119432,10043
FHPz58RpGvU,UCnQC_G5Xsjhp9fEJKuIcrSw,Ben Shapiro,conservative,2024-09-22T23:00:12Z,2024,9,23614518,628418,8241
4iH76s7lhQE,UCnQC_G5Xsjhp9fEJKuIcrSw,Ben Shapiro,conservative,2024-09-15T19:00:02Z,2024,9,2400799,109456,9234
o2qm-2d4o4c,UCnQC_G5Xsjhp9fEJKuIcrSw,Ben Shapiro,conservative,2024-09-12T15:00:49Z,2024,9,2510604,240738,4536
k2KbOV-id1U,UCnQC_G5Xsjhp9fEJKuIcrSw,Ben Shapiro,conservative,2024-08-25T01:00:32Z,2024,8,3912875,148702,13806
sYZ19Lh_iXA,UCnQC_G5Xsjhp9fEJKuIcrSw,Ben Shapiro,conservative,2024-08-17T17:00:40Z,2024,8,2644439,91249,3942
4is_L8jgNTo,UCnQC_G5Xsjhp9fEJKuIcrSw,Ben Shapiro,conservative,2024-08-11T17:00:04Z,2024,8,2636394,185965,2168
n3y4TnpcMM4,UCnQC_G5Xsjhp9fEJKuIcrSw,Ben Shapiro,conservative,2024-07-19T19:00:24Z,2024,7,3905797,280867,7164
RXXwcVix4Qs,UCnQC_G5Xsjhp9fEJKuIcrSw,Ben Shapiro,conservative,2024-07-07T21:00:13Z,2024,7,2930954,132071,2484
xySQ_XU6d1I,UCnQC_G5Xsjhp9fEJKuIcrSw,Ben Shapiro,conservative,2024-07-04T21:00:36Z,2024,7,9693572,444493,11347
Zi2Lpu4Nboo,UCnQC_G5Xsjhp9fEJKuIcrSw,Ben Shapiro,conservative,2024-06-29T19:00:14Z,2024,6,2843893,136330,4906
1QO3Zawoa3o,UCnQC_G5Xsjhp9fEJKuIcrSw,Ben Shapiro,conservative,2024-06-13T23:00:01Z,2024,6,3806808,170111,7341
byxLrAcfkr8,UCnQC_G5Xsjhp9fEJKuIcrSw,Ben Shapiro,conservative,2024-06-05T01:00:30Z,2024,6,4518797,140037,3233
ctkPOQlYDWo,UCnQC_G5Xsjhp9fEJKuIcrSw,Ben Shapiro,conservative,2024-05-27T19:00:30Z,2024,5,10016064,572170,11230
Wk0wUutbMpU,UCnQC_G5Xsjhp9fEJKuIcrSw,Ben Shapiro,conservative,2024-05-25T17:00:27Z,2024,5,5377920,305561,6385
oazq_Z7gxPA,UCnQC_G5Xsjhp9fEJKuIcrSw,Ben Shapiro,conservative,2024-05-16T19:00:21Z,2024,5,4749061,271642,3606
f4NvOFxlWtU,UCnQC_G5Xsjhp9fEJKuIcrSw,Ben Shapiro,conservative,2024-04-20T19:00:20Z,2024,4,13047052,427819,2035
8TtIwcwOAgo,UCnQC_G5Xsjhp9fEJKuIcrSw,Ben Shapiro,conservative,2024-04-12T23:30:02Z,2024,4,6388073,245082,7741
2i4R7QdKuxg,UCnQC_G5Xsjhp9fEJKuIcrSw,Ben Shapiro,conservative,2024-04-08T23:30:00Z,2024,4,11156035,670435,5311
EXTAuehcDsg,UCnQC_G5Xsjhp9fEJKuIcrSw,Ben Shapiro,conservative,2024-03-15T23:30:01Z,2024,3,6105407,327788,4725
yo6lQXk5lds,UCnQC_G5Xsjhp9fEJKuIcrSw,Ben Shapiro,conservative,2024-03-13T01:00:23Z,2024,3,9081174,403891,2435
X_Qp41OQrVg,UCnQC_G5Xsjhp9fEJKuIcrSw,Ben Shapiro,conservative,2024-03-05T02:00:22Z,2024,3,30946063,1581251,25911
ct2f_xQgCN4,UCnQC_G5Xsjhp9fEJKuIcrSw,Ben Shapiro,conservative,2024-02-28T02:00:13Z,2024,2,6781183,341434,6109
ayiedkcu6Mk,UCnQC_G5Xsjhp9fEJKuIcrSw,Ben Shapiro,conservative,2024-02-17T02:00:01Z,2024,2,7387638,289287,21399
82GXL7vEyTY,UCnQC_G5Xsjhp9fEJKuIcrSw,Ben Shapiro,conservative,2024-02-11T20:00:02Z,2024,2,8262481,475796,9166
Ou3Z62VkSa4,UCnQC_G5Xsjhp9fEJKuIcrSw,Ben Shapiro,conservative,2024-01-16T02:00:14Z,2024,1,6156652,332564,13150
1Yxr6DuZuoE,UCnQC_G5Xsjhp9fEJKuIcrSw,Ben Shapiro,conservative,2024-01-07T18:00:02Z,2024,1,5147521,277555,5832
Dq72Dg9inWk,UCnQC_G5Xsjhp9fEJKuIcrSw,Ben Shapiro,conservative,2024-01-04T20:00:05Z,2024,1,3806988,168601,1487
vAfL4H1i8xw,UCnQC_G5Xsjhp9fEJKuIcrSw,Ben Shapiro,conservative,2023-12-27T02:00:30Z,2023,12,15279121,847648,8780
fVEicxChnUc,UCnQC_G5Xsjhp9fEJKuIcrSw,Ben Shapiro,conservative,2023-12-25T20:00:22Z,2023,12,28052279,1507684,77213
N-mTwd5Mmlo,UCnQC_G5Xsjhp9fEJKuIcrSw,Ben Shapiro,conservative,2023-12-07T20:00:13Z,2023,12,8690504,457764,2323
fu4NaAmF_Xw,UCnQC_G5Xsjhp9fEJKuIcrSw,Ben Shapiro,conservative,2023-11-19T18:00:28Z,2023,11,7360576,485646,5182
-noNxJE6fSY,UCnQC_G5Xsjhp9fEJKuIcrSw,Ben Shapiro,conservative,2023-11-16T20:00:00Z,2023,11,12686461,499380,28531
pAe0o74Lplw,UCnQC_G5Xsjhp9fEJKuIcrSw,Ben Shapiro,conservative,2023-11-11T01:00:32Z,2023,11,8390186,339118,15812
D39_fYqgRnA,UCnQC_G5Xsjhp9fEJKuIcrSw,Ben Shapiro,conservative,2023-10-29T17:00:18Z,2023,10,6122385,403715,8645
-Ib3WlBBfxA,UCnQC_G5Xsjhp9fEJKuIcrSw,Ben Shapiro,conservative,2023-10-21T01:00:00Z,2023,10,4937401,186297,23553
kEjqeYYMTtw,UCnQC_G5Xsjhp9fEJKuIcrSw,Ben Shapiro,conservative,2023-10-15T17:00:24Z,2023,10,5976482,350566,22040
QJKtg6EkKg0,UCnQC_G5Xsjhp9fEJKuIcrSw,Ben Shapiro,conservative,2023-09-25T23:00:11Z,2023,9,8955659,401801,6855
pdykXaq4vc8,UCnQC_G5Xsjhp9fEJKuIcrSw,Ben Shapiro,conservative,2023-09-23T23:00:31Z,2023,9,10652988,668732,6221
YLLPnj3dd8Q,UCnQC_G5Xsjhp9fEJKuIcrSw,Ben Shapiro,conservative,2023-09-19T19:00:14Z,2023,9,27606881,1211906,16951
veXEEwHH070,UCnQC_G5Xsjhp9fEJKuIcrSw,Ben Shapiro,conservative,2023-08-26T19:00:32Z,2023,8,49165283,2095594,32442
VBVMiZGFvTY,UCnQC_G5Xsjhp9fEJKuIcrSw,Ben Shapiro,conservative,2023-08-11T00:00:20Z,2023,8,11149215,647912,8400
jHfLcPiGbYg,UCnQC_G5Xsjhp9fEJKuIcrSw,Ben Shapiro,conservative,2023-08-08T02:19:21Z,2023,8,8934344,561789,8953
FT_VQnRGZSM,UCnQC_G5Xsjhp9fEJKuIcrSw,Ben Shapiro,conservative,2023-07-19T23:00:14Z,2023,7,10340870,490945,11413
64Sc9SL4imM,UCnQC_G5Xsjhp9fEJKuIcrSw,Ben Shapiro,conservative,2023-07-05T22:30:00Z,2023,7,8914841,562598,5371
O0a2OK6tRTg,UCnQC_G5Xsjhp9fEJKuIcrSw,Ben Shapiro,conservative,2023-07-02T22:30:02Z,2023,7,23422460,1353027,12864
lit6n-nEKjI,UCnQC_G5Xsjhp9fEJKuIcrSw,Ben Shapiro,conservative,2023-06-20T00:15:01Z,2023,6,19565979,1060354,11960
brEeTyvvsdA,UCnQC_G5Xsjhp9fEJKuIcrSw,Ben Shapiro,conservative,2023-06-17T00:15:04Z,2023,6,15827542,843004,10422
UHFF-5FS9nk,UCnQC_G5Xsjhp9fEJKuIcrSw,Ben Shapiro,conservative,2023-06-10T21:15:00Z,2023,6,16551231,701137,49837
NWZ__GzL6L8,UCnQC_G5Xsjhp9fEJKuIcrSw,Ben Shapiro,conservative,2023-05-27T00:30:15Z,2023,5,13931157,781224,28525
6MnBhJJZ_Wc,UCnQC_G5Xsjhp9fEJKuIcrSw,Ben Shapiro,conservative,2023-05-20T23:00:03Z,2023,5,13134845,974543,7323
495UPPyLPFI,UCnQC_G5Xsjhp9fEJKuIcrSw,Ben Shapiro,conservative,2023-05-04T00:45:00Z,2023,5,21901297,1004266,18809
nAyUHtyvy7Y,UCnQC_G5Xsjhp9fEJKuIcrSw,Ben Shapiro,conservative,2023-04-29T01:00:31Z,2023,4,15580907,727780,7554
iuw1MZOjoQ0,UCnQC_G5Xsjhp9fEJKuIcrSw,Ben Shapiro,conservative,2023-04-24T23:45:01Z,2023,4,17573882,960960,33749
C6cFlSR6_a8,UCnQC_G5Xsjhp9fEJKuIcrSw,Ben Shapiro,conservative,2023-04-22T22:00:06Z,2023,4,19246189,1013774,77477
KOeGCrxYFmg,UCnQC_G5Xsjhp9fEJKuIcrSw,Ben Shapiro,conservative,2023-03-22T00:45:00Z,2023,3,7853709,426653,48652
kMUBjqvv8Ag,UCnQC_G5Xsjhp9fEJKuIcrSw,Ben Shapiro,conservative,2023-03-19T00:30:14Z,2023,3,12798074,540801,15868
yJIm4xXYIQ0,UCnQC_G5Xsjhp9fEJKuIcrSw,Ben Shapiro,conservative,2023-03-11T17:30:12Z,2023,3,8701111,382835,7460
4mmGYUpKP_U,UCnQC_G5Xsjhp9fEJKuIcrSw,Ben Shapiro,conservative,2023-02-25T21:30:01Z,2023,2,2233760,71075,9133
3xXLe8hC9oM,UCnQC_G5Xsjhp9fEJKuIcrSw,Ben Shapiro,conservative,2023-02-18T18:00:02Z,2023,2,2152241,71563,7265
NcYPwsF8FyU,UCnQC_G5Xsjhp9fEJKuIcrSw,Ben Shapiro,conservative,2023-02-01T23:15:02Z,2023,2,2492039,136991,7236
VuEHQwgHKjI,UCnQC_G5Xsjhp9fEJKuIcrSw,Ben Shapiro,conservative,2023-01-20T20:47:35Z,2023,1,2035210,72031,29878
O5By03X4--8,UCnQC_G5Xsjhp9fEJKuIcrSw,Ben Shapiro,conservative,2023-01-04T20:23:05Z,2023,1,2490134,95696,5641
GM7Qzk_8m1Q,UCnQC_G5Xsjhp9fEJKuIcrSw,Ben Shapiro,conservative,2023-01-03T23:30:01Z,2023,1,3051598,93014,14046
DG2YH3EiJSs,UCnQC_G5Xsjhp9fEJKuIcrSw,Ben Shapiro,conservative,2022-12-30T22:15:00Z,2022,12,4779376,182121,7237
I0AZJO-41Uo,UCnQC_G5Xsjhp9fEJKuIcrSw,Ben Shapiro,conservative,2022-12-25T23:30:03Z,2022,12,6994092,230207,5925
GVyLTC8O6Dw,UCnQC_G5Xsjhp9fEJKuIcrSw,Ben Shapiro,conservative,2022-12-01T01:15:00Z,2022,12,9668238,352193,46471
N0XlziQBa2g,UCnQC_G5Xsjhp9fEJKuIcrSw,Ben Shapiro,conservative,2022-11-28T23:00:24Z,2022,11,8744102,247153,11717
oF02-9LoPMA,UCnQC_G5Xsjhp9fEJKuIcrSw,Ben Shapiro,conservative,2022-11-25T19:15:02Z,2022,11,20102748,1068699,9518
RP9nJmIMrHw,UCnQC_G5Xsjhp9fEJKuIcrSw,Ben Shapiro,conservative,2022-11-12T17:15:01Z,2022,11,5467306,188236,7584
MXJGg1CpJjU,UCnQC_G5Xsjhp9fEJKuIcrSw,Ben Shapiro,conservative,2022-10-29T16:00:24Z,2022,10,3374331,196605,2852
xduluDaCZp4,UCnQC_G5Xsjhp9fEJKuIcrSw,Ben Shapiro,conservative,2022-10-11T00:15:01Z,2022,10,3735256,166597,8055
4d6VPu6L-1U,UCnQC_G5Xsjhp9fEJKuIcrSw,Ben Shapiro,conservative,2022-10-05T00:00:01Z,2022,10,7767024,311172,40987
xrf2j0YQFQA,UCnQC_G5Xsjhp9fEJKuIcrSw,Ben Shapiro,conservative,2022-09-25T23:00:31Z,2022,9,1966306,102234,4067
qkIbw2hFlJk,UCnQC_G5Xsjhp9fEJKuIcrSw,Ben Shapiro,conservative,2022-09-23T20:00:13Z,2022,9,1846328,85004,3202
giZ5tbesfoM,UCnQC_G5Xsjhp9fEJKuIcrSw,Ben Shapiro,conservative,2022-09-20T20:00:16Z,2022,9,2448404,86861,2497
mD6UeTwJO3U,UCnQC_G5Xsjhp9fEJKuIcrSw,Ben Shapiro,conservative,2022-08-28T21:00:26Z,2022,8,2503822,147691,2308
kluMcW0k1sQ,UCnQC_G5Xsjhp9fEJKuIcrSw,Ben Shapiro,conservative,2022-08-22T17:45:01Z,2022,8,1637470,92498,12721
AZEIz3aWSBw,UCnQC_G5Xsjhp9fEJKuIcrSw,Ben Shapiro,conservative,2022-08-21T19:00:02Z,2022,8,5594288,298995,14386
icLSlFqSmw0,UCnQC_G5Xsjhp9fEJKuIcrSw,Ben Shapiro,conservative,2022-07-17T19:00:11Z,2022,7,1776562,82500,5667
cIwzvkFSSlI,UCnQC_G5Xsjhp9fEJKuIcrSw,Ben Shapiro,conservative,2022-07-02T19:00:13Z,2022,7,2047684,93236,3246
M90PbojaTCU,UCnQC_G5Xsjhp9fEJKuIcrSw,Ben Shapiro,conservative,2022-07-02T17:00:09Z,2022,7,3669670,122535,12453
K10-9rDXG80,UCnQC_G5Xsjhp9fEJKuIcrSw,Ben Shapiro,conservative,2022-06-23T19:00:06Z,2022,6,7085563,334040,29369
iPvcUcX5zBo,UCnQC_G5Xsjhp9fEJKuIcrSw,Ben Shapiro,conservative,2022-06-17T00:00:11Z,2022,6,1611263,62761,4450
AvqUxYSRapo,UCnQC_G5Xsjhp9fEJKuIcrSw,Ben Shapiro,conservative,2022-06-12T20:00:01Z,2022,6,1460686,26273,6007
SxxunD1HcFA,UCnQC_G5Xsjhp9fEJKuIcrSw,Ben Shapiro,conservative,2022-05-17T23:00:19Z,2022,5,5323294,320645,6398
Ay0105SHSFc,UCnQC_G5Xsjhp9fEJKuIcrSw,Ben Shapiro,conservative,2022-05-12T19:45:00Z,2022,5,3576777,116322,13590
tbCB6-oY6s0,UCnQC_G5Xsjhp9fEJKuIcrSw,Ben Shapiro,conservative,2022-05-01T21:00:18Z,2022,5,6445761,311431,5929
sMrzNdkQps4,UCnQC_G5Xsjhp9fEJKuIcrSw,Ben Shapiro,conservative,2022-04-28T20:12:42Z,2022,4,9820426,196005,26909
OwzROBpMun0,UCnQC_G5Xsjhp9fEJKuIcrSw,Ben Shapiro,conservative,2022-04-09T14:00:11Z,2022,4,3977014,176169,21735
MxrghLkJhKY,UCnQC_G5Xsjhp9fEJKuIcrSw,Ben Shapiro,conservative,2022-04-02T17:00:12Z,2022,4,4116363,184530,10428
Rv-4QIl5xLk,UCnQC_G5Xsjhp9fEJKuIcrSw,Ben Shapiro,conservative,2022-03-27T22:00:08Z,2022,3,4064311,193380,10419
jWXIZoajd1w,UCnQC_G5Xsjhp9fEJKuIcrSw,Ben Shapiro,conservative,2022-03-26T20:00:08Z,2022,3,5197313,258595,19318
ADlFj-mDyb0,UCnQC_G5Xsjhp9fEJKuIcrSw,Ben Shapiro,conservative,2022-03-19T14:00:07Z,2022,3,3490874,129993,11753
-Z75IQdhYAA,UCnQC_G5Xsjhp9fEJKuIcrSw,Ben Shapiro,conservative,2022-02-12T15:00:00Z,2022,2,6720082,228718,27665
TOKrB6-iZ5M,UCnQC_G5Xsjhp9fEJKuIcrSw,Ben Shapiro,conservative,2022-02-10T03:00:08Z,2022,2,1378894,69858,10202
-UYJoGDqicI,UCnQC_G5Xsjhp9fEJKuIcrSw,Ben Shapiro,conservative,2022-02-04T01:00:00Z,2022,2,1432729,62718,10127
cZaOKA8md30,UCnQC_G5Xsjhp9fEJKuIcrSw,Ben Shapiro,conservative,2022-01-16T18:00:11Z,2022,1,8591663,383751,13231
HK7sDMAQjUM,UCnQC_G5Xsjhp9fEJKuIcrSw,Ben Shapiro,conservative,2022-01-16T15:00:06Z,2022,1,3734114,203969,1580
Os6SeVe4sw4,UCnQC_G5Xsjhp9fEJKuIcrSw,Ben Shapiro,conservative,2022-01-15T23:00:11Z,2022,1,7327266,357746,10225
DWMQcKqSa28,UCnQC_G5Xsjhp9fEJKuIcrSw,Ben Shapiro,conservative,2021-12-18T19:00:03Z,2021,12,1907208,69768,3683
3enLBUJ5Od0,UCnQC_G5Xsjhp9fEJKuIcrSw,Ben Shapiro,conservative,2021-12-18T02:30:01Z,2021,12,3458923,132017,10640
po1cS4BsrSM,UCnQC_G5Xsjhp9fEJKuIcrSw,Ben Shapiro,conservative,2021-12-04T19:00:12Z,2021,12,6179308,254761,26875
QDiyWlGQkls,UCnQC_G5Xsjhp9fEJKuIcrSw,Ben Shapiro,conservative,2021-11-18T19:16:44Z,2021,11,7850516,166797,23763
GF-6ghJ1xcE,UCnQC_G5Xsjhp9fEJKuIcrSw,Ben Shapiro,conservative,2021-11-14T23:00:04Z,2021,11,2181568,60939,3843
7EJeA8yLgqo,UCnQC_G5Xsjhp9fEJKuIcrSw,Ben Shapiro,conservative,2021-11-13T18:00:04Z,2021,11,4092317,190716,16608
grYMNBsekCg,UCnQC_G5Xsjhp9fEJKuIcrSw,Ben Shapiro,conservative,2021-10-17T14:00:13Z,2021,10,8106128,240593,14100
YwuALtKkLpk,UCnQC_G5Xsjhp9fEJKuIcrSw,Ben Shapiro,conservative,2021-10-03T22:00:12Z,2021,10,10857813,586418,41123
f_njOf8H_II,UCnQC_G5Xsjhp9fEJKuIcrSw,Ben Shapiro,conservative,2021-10-02T22:00:13Z,2021,10,10625822,421769,13988
e7SnEzEzJbg,UCnQC_G5Xsjhp9fEJKuIcrSw,Ben Shapiro,conservative,2021-09-18T22:00:11Z,2021,9,11311543,467632,23737
7OaWs29HKEU,UCnQC_G5Xsjhp9fEJKuIcrSw,Ben Shapiro,conservative,2021-09-08T22:00:03Z,2021,9,20303840,854761,22245
lAE0GBPQY_M,UCnQC_G5Xsjhp9fEJKuIcrSw,Ben Shapiro,conservative,2021-09-08T20:26:57Z,2021,9,16687976,677083,19422
2j6Kk11HD_8,UCnQC_G5Xsjhp9fEJKuIcrSw,Ben Shapiro,conservative,2021-08-28T21:00:01Z,2021,8,5673813,204574,3508
PyhznzvnghY,UCnQC_G5Xsjhp9fEJKuIcrSw,Ben Shapiro,conservative,2021-08-27T18:28:30Z,2021,8,11498019,442079,13621
--8Ia3AdZ4Y,UCnQC_G5Xsjhp9fEJKuIcrSw,Ben Shapiro,conservative,2021-08-26T02:00:00Z,2021,8,1929961,93082,16673
w89etN8QqNQ,UCnQC_G5Xsjhp9fEJKuIcrSw,Ben Shapiro,conservative,2021-07-18T16:30:03Z,2021,7,6389674,148711,86266
vSlG2qZmMNg,UCnQC_G5Xsjhp9fEJKuIcrSw,Ben Shapiro,conservative,2021-07-17T15:00:33Z,2021,7,4961016,226971,31113
cxPAiALPYa8,UCnQC_G5Xsjhp9fEJKuIcrSw,Ben Shapiro,conservative,2021-07-13T23:08:51Z,2021,7,2864462,140830,34627
4orZnV2xd0c,UCnQC_G5Xsjhp9fEJKuIcrSw,Ben Shapiro,conservative,2021-06-26T23:00:00Z,2021,6,5014208,215788,3055
igZ11wuebHE,UCnQC_G5Xsjhp9fEJKuIcrSw,Ben Shapiro,conservative,2021-06-15T14:54:39Z,2021,6,1759168,66158,3929
dEoVzKyD_IM,UCnQC_G5Xsjhp9fEJKuIcrSw,Ben Shapiro,conservative,2021-06-05T19:00:08Z,2021,6,6241888,211691,40546
xhX-vrNVlzI,UCnQC_G5Xsjhp9fEJKuIcrSw,Ben Shapiro,conservative,2021-05-30T17:00:20Z,2021,5,5142607,126254,13247
WsvVkicWn1o,UCnQC_G5Xsjhp9fEJKuIcrSw,Ben Shapiro,conservative,2021-05-24T21:36:40Z,2021,5,5517385,199748,29373
YwzAdaa4SkE,UCnQC_G5Xsjhp9fEJKuIcrSw,Ben Shapiro,conservative,2021-05-22T16:00:13Z,2021,5,5172918,168886,7789
eTgge2bCDbk,UCnQC_G5Xsjhp9fEJKuIcrSw,Ben Shapiro,conservative,2021-04-20T22:42:24Z,2021,4,1530040,56623,18328
xAaagsvG0YY,UCnQC_G5Xsjhp9fEJKuIcrSw,Ben Shapiro,conservative,2021-04-10T12:00:20Z,2021,4,1932580,92524,13981
rc8qAoD8hrU,UCnQC_G5Xsjhp9fEJKuIcrSw,Ben Shapiro,conservative,2021-04-01T23:30:06Z,2021,4,1698368,93831,12977
6RDZw_xSvDg,UCnQC_G5Xsjhp9fEJKuIcrSw,Ben Shapiro,conservative,2021-03-26T22:10:32Z,2021,3,2815818,109389,13553
oJAsh2kZQf4,UCnQC_G5Xsjhp9fEJKuIcrSw,Ben Shapiro,conservative,2021-03-15T21:58:08Z,2021,3,2791401,97103,11072
Ixz1bfadHhs,UCnQC_G5Xsjhp9fEJKuIcrSw,Ben Shapiro,conservative,2021-03-08T23:37:37Z,2021,3,2778298,105558,25976
mxObG659Sc0,UCnQC_G5Xsjhp9fEJKuIcrSw,Ben Shapiro,conservative,2021-02-21T13:00:12Z,2021,2,3304581,202086,43115
SKX79QNG_vI,UCnQC_G5Xsjhp9fEJKuIcrSw,Ben Shapiro,conservative,2021-02-12T20:04:03Z,2021,2,2694055,40451,5676
vUJX8JkdWHM,UCnQC_G5Xsjhp9fEJKuIcrSw,Ben Shapiro,conservative,2021-02-10T04:00:56Z,2021,2,3509513,115591,12231
xszj1flDxl0,UCnQC_G5Xsjhp9fEJKuIcrSw,Ben Shapiro,conservative,2021-01-29T01:42:26Z,2021,1,2256243,93047,9946
m8ZfmyxmgTA,UCnQC_G5Xsjhp9fEJKuIcrSw,Ben Shapiro,conservative,2021-01-07T18:00:08Z,2021,1,1421344,40758,22719
dQqbc-uPUNQ,UCnQC_G5Xsjhp9fEJKuIcrSw,Ben Shapiro,conservative,2021-01-04T23:39:20Z,2021,1,2156309,194819,24113
sDM2sYaZlC8,UCnQC_G5Xsjhp9fEJKuIcrSw,Ben Shapiro,conservative,2020-12-24T19:28:56Z,2020,12,4169181,140699,33651
ax5r-rxpDns,UCnQC_G5Xsjhp9fEJKuIcrSw,Ben Shapiro,conservative,2020-12-17T00:08:16Z,2020,12,3952908,145952,22427
c955VGozAos,UCnQC_G5Xsjhp9fEJKuIcrSw,Ben Shapiro,conservative,2020-12-03T00:46:13Z,2020,12,2990608,158585,50737
MW63gVirPNs,UCnQC_G5Xsjhp9fEJKuIcrSw,Ben Shapiro,conservative,2020-11-06T21:34:09Z,2020,11,1493606,42680,8056
0F-hoDs9ucM,UCnQC_G5Xsjhp9fEJKuIcrSw,Ben Shapiro,conservative,2020-11-05T00:00:12Z,2020,11,1551753,40987,7726
p27gXwuyvxk,UCnQC_G5Xsjhp9fEJKuIcrSw,Ben Shapiro,conservative,2020-11-04T18:00:11Z,2020,11,1774345,44858,9304
5SUVtt4zXJU,UCnQC_G5Xsjhp9fEJKuIcrSw,Ben Shapiro,conservative,2020-10-21T21:57:39Z,2020,10,1385848,118282,4286
Y7Xj3tYFKks,UCnQC_G5Xsjhp9fEJKuIcrSw,Ben Shapiro,conservative,2020-10-19T18:00:05Z,2020,10,2146139,141210,17542
qUHPfHqbVLk,UCnQC_G5Xsjhp9fEJKuIcrSw,Ben Shapiro,conservative,2020-10-03T15:00:25Z,2020,10,3533663,145235,24922
AGQOnCQ3hf8,UCnQC_G5Xsjhp9fEJKuIcrSw,Ben Shapiro,conservative,2020-09-30T17:00:10Z,2020,9,957621,30699,5953
u978w4CurDk,UCnQC_G5Xsjhp9fEJKuIcrSw,Ben Shapiro,conservative,2020-09-16T20:03:43Z,2020,9,3493104,178085,31113
RGysS4pWTLw,UCnQC_G5Xsjhp9fEJKuIcrSw,Ben Shapiro,conservative,2020-09-08T19:05:45Z,2020,9,1217818,67789,5548
oyREws_A9PA,UCnQC_G5Xsjhp9fEJKuIcrSw,Ben Shapiro,conservative,2020-08-26T00:58:10Z,2020,8,1076379,48509,4277
U9FM49Tzhn4,UCnQC_G5Xsjhp9fEJKuIcrSw,Ben Shapiro,conservative,2020-08-19T00:38:27Z,2020,8,3596015,141899,32104
IwdNKKSeRkY,UCnQC_G5Xsjhp9fEJKuIcrSw,Ben Shapiro,conservative,2020-08-17T02:10:16Z,2020,8,1905100,97962,8266
p5P6nlQUt1U,UCnQC_G5Xsjhp9fEJKuIcrSw,Ben Shapiro,conservative,2020-07-18T13:00:23Z,2020,7,1241534,69109,5489
Rn1N3K7pqps,UCnQC_G5Xsjhp9fEJKuIcrSw,Ben Shapiro,conservative,2020-07-12T12:00:08Z,2020,7,1230219,32291,2629
QQod6F-UOu8,UCnQC_G5Xsjhp9fEJKuIcrSw,Ben Shapiro,conservative,2020-07-11T20:15:01Z,2020,7,3973335,186182,9366
iWgnX84KD7A,UCnQC_G5Xsjhp9fEJKuIcrSw,Ben Shapiro,conservative,2020-06-29T23:08:23Z,2020,6,1269083,59073,8787
xBZZ-PJQFZk,UCnQC_G5Xsjhp9fEJKuIcrSw,Ben Shapiro,conservative,2020-06-12T20:49:58Z,2020,6,1153820,55129,7334
TBDfMQ27Asw,UCnQC_G5Xsjhp9fEJKuIcrSw,Ben Shapiro,conservative,2020-06-10T01:00:57Z,2020,6,4643884,225903,27024
gWWT-_2zUao,UCnQC_G5Xsjhp9fEJKuIcrSw,Ben Shapiro,conservative,2020-05-23T16:00:11Z,2020,5,6136951,271536,22087
x_JZvgtbYNs,UCnQC_G5Xsjhp9fEJKuIcrSw,Ben Shapiro,conservative,2020-05-04T16:36:30Z,2020,5,1811166,83629,16707
HKd_DjBl7gc,UCnQC_G5Xsjhp9fEJKuIcrSw,Ben Shapiro,conservative,2020-05-02T15:00:16Z,2020,5,1746419,74092,4925
GUoi-JCkG5Y,UCnQC_G5Xsjhp9fEJKuIcrSw,Ben Shapiro,conservative,2020-04-21T21:37:00Z,2020,4,2284047,146031,18529
OkH8xZA749c,UCnQC_G5Xsjhp9fEJKuIcrSw,Ben Shapiro,conservative,2020-04-21T00:03:49Z,2020,4,574083,19489,2027
jkQ-lcJQ-j0,UCnQC_G5Xsjhp9fEJKuIcrSw,Ben Shapiro,conservative,2020-04-04T20:30:25Z,2020,4,2085166,73206,7550
QB2drJIWI7Y,UCnQC_G5Xsjhp9fEJKuIcrSw,Ben Shapiro,conservative,2020-03-25T00:20:42Z,2020,3,4384056,142424,19256
0pn2bwa2zZc,UCnQC_G5Xsjhp9fEJKuIcrSw,Ben Shapiro,conservative,2020-03-22T20:00:02Z,2020,3,19642880,403055,39345
3xq-q6a9tCM,UCnQC_G5Xsjhp9fEJKuIcrSw,Ben Shapiro,conservative,2020-03-08T15:00:00Z,2020,3,3783603,114686,19988
NaxtSPWcyI8,UCnQC_G5Xsjhp9fEJKuIcrSw,Ben Shapiro,conservative,2020-02-25T23:00:04Z,2020,2,1504563,54902,4176
kJAKmjHBDNw,UCnQC_G5Xsjhp9fEJKuIcrSw,Ben Shapiro,conservative,2020-02-20T00:21:24Z,2020,2,2709211,72051,9114
imnWVl0C_PA,UCnQC_G5Xsjhp9fEJKuIcrSw,Ben Shapiro,conservative,2020-02-01T00:30:01Z,2020,2,1610887,34316,7039
Bo_LLAczCf8,UCnQC_G5Xsjhp9fEJKuIcrSw,Ben Shapiro,conservative,2020-01-24T23:23:45Z,2020,1,2901904,90260,10198
U5CkUKiyHGk,UCnQC_G5Xsjhp9fEJKuIcrSw,Ben Shapiro,conservative,2020-01-18T13:30:02Z,2020,1,2970481,69988,4840
9lDtzJHrnPc,UCnQC_G5Xsjhp9fEJKuIcrSw,Ben Shapiro,conservative,2020-01-03T18:53:01Z,2020,1,211078,5887,1506
a8Czm05Y9U4,UCnQC_G5Xsjhp9fEJKuIcrSw,Ben Shapiro,conservative,2019-12-22T13:00:00Z,2019,12,142360,4660,878
CNplDy-ZY0I,UCnQC_G5Xsjhp9fEJKuIcrSw,Ben Shapiro,conservative,2019-12-21T00:25:12Z,2019,12,236526,9451,1160
afYO0sVgtRs,UCnQC_G5Xsjhp9fEJKuIcrSw,Ben Shapiro,conservative,2019-12-19T22:45:01Z,2019,12,199106,9943,1588
AxHr4jMYkOY,UCnQC_G5Xsjhp9fEJKuIcrSw,Ben Shapiro,conservative,2019-11-14T18:50:52Z,2019,11,111186,2334,361
r7GYFwWkxUM,UCnQC_G5Xsjhp9fEJKuIcrSw,Ben Shapiro,conservative,2019-11-13T19:11:53Z,2019,11,124211,2685,444
RUx3eUizVok,UCnQC_G5Xsjhp9fEJKuIcrSw,Ben Shapiro,conservative,2019-11-01T16:00:06Z,2019,11,109777,2173,427
bOldlsyZUhg,UCnQC_G5Xsjhp9fEJKuIcrSw,Ben Shapiro,conservative,2019-10-13T12:00:09Z,2019,10,357578,11412,2608
o0PYTZ1ek5k,UCnQC_G5Xsjhp9fEJKuIcrSw,Ben Shapiro,conservative,2019-10-11T15:00:13Z,2019,10,155992,4805,1193
3Y2RoBbCCk8,UCnQC_G5Xsjhp9fEJKuIcrSw,Ben Shapiro,conservative,2019-10-02T18:03:18Z,2019,10,489898,18672,1512
O4byIwERd-E,UCnQC_G5Xsjhp9fEJKuIcrSw,Ben Shapiro,conservative,2019-09-27T17:27:33Z,2019,9,135974,2759,506
QEi_xWno_yo,UCnQC_G5Xsjhp9fEJKuIcrSw,Ben Shapiro,conservative,2019-09-24T17:38:24Z,2019,9,116922,2384,503
pBfSDowD7Y0,UCnQC_G5Xsjhp9fEJKuIcrSw,Ben Shapiro,conservative,2019-09-05T17:33:26Z,2019,9,129328,3015,773
cXhn2aF-5N4,UCnQC_G5Xsjhp9fEJKuIcrSw,Ben Shapiro,conservative,2019-08-18T12:00:09Z,2019,8,347802,10943,1756
-XvSCOQYbCc,UCnQC_G5Xsjhp9fEJKuIcrSw,Ben Shapiro,conservative,2019-08-13T16:05:19Z,2019,8,126965,2890,782
TGQPPCRonxc,UCnQC_G5Xsjhp9fEJKuIcrSw,Ben Shapiro,conservative,2019-08-08T17:43:01Z,2019,8,112005,2401,541
FWCd1o5Y7Ys,UCnQC_G5Xsjhp9fEJKuIcrSw,Ben Shapiro,conservative,2019-07-23T17:35:50Z,2019,7,117467,2604,501
EIyq19AV2N0,UCnQC_G5Xsjhp9fEJKuIcrSw,Ben Shapiro,conservative,2019-07-18T17:29:27Z,2019,7,123086,2984,1026
-_4Erlyvqmc,UCnQC_G5Xsjhp9fEJKuIcrSw,Ben Shapiro,conservative,2019-07-11T18:33:31Z,2019,7,120268,2855,505
s1bUgxroNkU,UCnQC_G5Xsjhp9fEJKuIcrSw,Ben Shapiro,conservative,2019-06-30T12:00:04Z,2019,6,124382,3999,531
MuoFp8Cdc6w,UCnQC_G5Xsjhp9fEJKuIcrSw,Ben Shapiro,conservative,2019-06-28T18:05:23Z,2019,6,119331,2601,546
FGfsFKOwCdA,UCnQC_G5Xsjhp9fEJKuIcrSw,Ben Shapiro,conservative,2019-06-09T12:00:00Z,2019,6,108511,2944,429
xtMZymSnvvY,UCnQC_G5Xsjhp9fEJKuIcrSw,Ben Shapiro,conservative,2019-05-12T12:00:07Z,2019,5,116585,3456,1372
dz2zKDU_GkI,UCnQC_G5Xsjhp9fEJKuIcrSw,Ben Shapiro,conservative,2019-05-02T19:07:39Z,2019,5,106714,2102,399
-e4tLU6xd50,UCnQC_G5Xsjhp9fEJKuIcrSw,Ben Shapiro,conservative,2019-05-01T17:41:05Z,2019,5,111466,2238,350
FRZkHFCxyC4,UCnQC_G5Xsjhp9fEJKuIcrSw,Ben Shapiro,conservative,2019-04-19T18:01:51Z,2019,4,121928,2577,522
xhcNhypccBI,UCnQC_G5Xsjhp9fEJKuIcrSw,Ben Shapiro,conservative,2019-04-14T12:00:07Z,2019,4,138657,3597,691
42OsTANhnbs,UCnQC_G5Xsjhp9fEJKuIcrSw,Ben Shapiro,conservative,2019-04-07T12:00:01Z,2019,4,263122,10658,2800
8QGLDZAicJo,UCnQC_G5Xsjhp9fEJKuIcrSw,Ben Shapiro,conservative,2019-03-24T12:00:01Z,2019,3,168742,3149,538
7xuR_HIpoWI,UCnQC_G5Xsjhp9fEJKuIcrSw,Ben Shapiro,conservative,2019-03-05T18:57:57Z,2019,3,181567,3891,915
_V6LFcWaXoc,UCnQC_G5Xsjhp9fEJKuIcrSw,Ben Shapiro,conservative,2019-03-04T19:02:05Z,2019,3,185299,4027,756
MgDqdclnpiA,UCnQC_G5Xsjhp9fEJKuIcrSw,Ben Shapiro,conservative,2019-02-24T13:00:05Z,2019,2,176755,6441,708
92znXLyJlvk,UCnQC_G5Xsjhp9fEJKuIcrSw,Ben Shapiro,conservative,2019-02-21T18:58:00Z,2019,2,155792,4016,1208
vykf9_8sMcE,UCnQC_G5Xsjhp9fEJKuIcrSw,Ben Shapiro,conservative,2019-02-03T13:00:08Z,2019,2,270274,6813,840
KBk5lUpeNnw,UCnQC_G5Xsjhp9fEJKuIcrSw,Ben Shapiro,conservative,2019-01-31T19:16:08Z,2019,1,120767,2825,721
YUuHAQILLDU,UCnQC_G5Xsjhp9fEJKuIcrSw,Ben Shapiro,conservative,2019-01-22T18:59:34Z,2019,1,136733,3677,1095
MJofgyTHoVo,UCnQC_G5Xsjhp9fEJKuIcrSw,Ben Shapiro,conservative,2019-01-21T19:20:37Z,2019,1,145214,6394,1473
99TsoDMoD_M,UCnQC_G5Xsjhp9fEJKuIcrSw,Ben Shapiro,conservative,2018-12-21T20:13:29Z,2018,12,63071,1406,448
pcBdqwNvMIU,UCnQC_G5Xsjhp9fEJKuIcrSw,Ben Shapiro,conservative,2018-12-16T13:00:12Z,2018,12,84925,1536,711
ak-Rv08N_1Q,UCnQC_G5Xsjhp9fEJKuIcrSw,Ben Shapiro,conservative,2018-12-02T13:00:00Z,2018,12,567481,17712,2991
Knv0Yl41XMY,UCnQC_G5Xsjhp9fEJKuIcrSw,Ben Shapiro,conservative,2018-11-21T20:34:05Z,2018,11,56936,1197,319
IP3TUaJAkJM,UCnQC_G5Xsjhp9fEJKuIcrSw,Ben Shapiro,conservative,2018-11-18T13:00:03Z,2018,11,54821,1318,316
G1UpFHsbOf0,UCnQC_G5Xsjhp9fEJKuIcrSw,Ben Shapiro,conservative,2018-11-04T13:00:02Z,2018,11,212253,6638,918
MRjvtSabQCc,UCnQC_G5Xsjhp9fEJKuIcrSw,Ben Shapiro,conservative,2018-10-08T21:39:07Z,2018,10,125564,4579,849
39z3xM04x28,UCnQC_G5Xsjhp9fEJKuIcrSw,Ben Shapiro,conservative,2018-10-04T18:49:46Z,2018,10,58879,1823,285
LO5ELcKbN1M,UCnQC_G5Xsjhp9fEJKuIcrSw,Ben Shapiro,conservative,2018-10-03T18:36:53Z,2018,10,54480,2027,372
FsDRm68iEgk,UCnQC_G5Xsjhp9fEJKuIcrSw,Ben Shapiro,conservative,2018-09-28T22:55:48Z,2018,9,74882,1910,419
fERROPfODEw,UCnQC_G5Xsjhp9fEJKuIcrSw,Ben Shapiro,conservative,2018-09-28T19:27:21Z,2018,9,60054,1724,317
LNE2h1eBne8,UCnQC_G5Xsjhp9fEJKuIcrSw,Ben Shapiro,conservative,2018-09-16T12:00:07Z,2018,9,252027,9888,900
cFZMmXW0bn0,UCnQC_G5Xsjhp9fEJKuIcrSw,Ben Shapiro,conservative,2018-08-27T18:44:12Z,2018,8,38448,947,416
zbE6eI-tupw,UCnQC_G5Xsjhp9fEJKuIcrSw,Ben Shapiro,conservative,2018-08-19T12:00:11Z,2018,8,47831,1083,174
mDqX6x0COVM,UCnQC_G5Xsjhp9fEJKuIcrSw,Ben Shapiro,conservative,2018-08-12T12:00:04Z,2018,8,48767,1065,290
M5RRs2wRpmE,UCnQC_G5Xsjhp9fEJKuIcrSw,Ben Shapiro,conservative,2018-07-29T12:00:03Z,2018,7,79881,2770,293
ErzFZrPTBJc,UCnQC_G5Xsjhp9fEJKuIcrSw,Ben Shapiro,conservative,2018-07-15T12:00:02Z,2018,7,40724,1039,290
wSClFeaP9lk,UCnQC_G5Xsjhp9fEJKuIcrSw,Ben Shapiro,conservative,2018-07-08T12:00:04Z,2018,7,79526,2131,470
YTAkWTEYl6o,UCnQC_G5Xsjhp9fEJKuIcrSw,Ben Shapiro,conservative,2018-06-28T18:48:22Z,2018,6,41385,1190,228
PBQz_yChdNs,UCnQC_G5Xsjhp9fEJKuIcrSw,Ben Shapiro,conservative,2018-06-22T22:21:09Z,2018,6,42264,1386,92
BNYWx5AOAe4,UCnQC_G5Xsjhp9fEJKuIcrSw,Ben Shapiro,conservative,2018-06-03T12:00:01Z,2018,6,179010,6043,553
OpndLig5yRQ,UCnQC_G5Xsjhp9fEJKuIcrSw,Ben Shapiro,conservative,2018-05-31T18:53:47Z,2018,5,42079,1021,276
i3XpzBD5bv0,UCnQC_G5Xsjhp9fEJKuIcrSw,Ben Shapiro,conservative,2018-05-12T00:33:19Z,2018,5,50534,1523,254
Hm6imHKtMqE,UCnQC_G5Xsjhp9fEJKuIcrSw,Ben Shapiro,conservative,2018-05-06T12:00:01Z,2018,5,146492,5524,523
fcGTx6CQ1pU,UCnQC_G5Xsjhp9fEJKuIcrSw,Ben Shapiro,conservative,2018-04-20T19:09:40Z,2018,4,82608,578,60
NmsidEkPY3U,UCnQC_G5Xsjhp9fEJKuIcrSw,Ben Shapiro,conservative,2018-04-09T23:50:30Z,2018,4,68588,710,347
VqPVTsiHKjs,UCnQC_G5Xsjhp9fEJKuIcrSw,Ben Shapiro,conservative,2018-04-03T22:04:07Z,2018,4,69629,755,144
CoX1T7qRBow,UCnQC_G5Xsjhp9fEJKuIcrSw,Ben Shapiro,conservative,2018-03-21T17:36:01Z,2018,3,174176,3417,249
GRr2nxtGlwU,UCnQC_G5Xsjhp9fEJKuIcrSw,Ben Shapiro,conservative,2018-03-19T18:34:06Z,2018,3,130338,4133,338
Z8v7pgCBkCc,UCnQC_G5Xsjhp9fEJKuIcrSw,Ben Shapiro,conservative,2018-03-08T20:42:47Z,2018,3,90565,646,76
tAsz6Yuvw3Y,UCnQC_G5Xsjhp9fEJKuIcrSw,Ben Shapiro,conservative,2018-02-27T18:38:18Z,2018,2,183574,6524,1513
pUylteI3ezY,UCnQC_G5Xsjhp9fEJKuIcrSw,Ben Shapiro,conservative,2018-02-27T16:15:59Z,2018,2,510198,22567,1931
pqiAx5QNWR0,UCnQC_G5Xsjhp9fEJKuIcrSw,Ben Shapiro,conservative,2018-02-27T03:55:18Z,2018,2,401037,15770,3653
Xz8Nik9idIo,UCnQC_G5Xsjhp9fEJKuIcrSw,Ben Shapiro,conservative,2018-01-25T20:30:02Z,2018,1,137631,1935,408
QJt-rbjswdM,UCnQC_G5Xsjhp9fEJKuIcrSw,Ben Shapiro,conservative,2018-01-25T17:43:59Z,2018,1,116991,2487,685
047DSK2mTeo,UCnQC_G5Xsjhp9fEJKuIcrSw,Ben Shapiro,conservative,2018-01-25T17:34:43Z,2018,1,110373,2606,443
FlvoglPefpE,UC1yBKRuGpC1tSM73A0ZjYjQ,The Young Turks,liberal,2025-12-20T22:00:17Z,2025,12,353154,9921,3913
TqjLiubJf48,UC1yBKRuGpC1tSM73A0ZjYjQ,The Young Turks,liberal,2025-12-19T03:45:05Z,2025,12,735533,14457,5190
ZOQfBOVOrms,UC1yBKRuGpC1tSM73A0ZjYjQ,The Young Turks,liberal,2025-12-17T02:15:00Z,2025,12,446912,19237,7094
VUAAfiIKAgw,UC1yBKRuGpC1tSM73A0ZjYjQ,The Young Turks,liberal,2025-11-20T01:30:06Z,2025,11,1254433,27483,9929
lZhE1VvfSrA,UC1yBKRuGpC1tSM73A0ZjYjQ,The Young Turks,liberal,2025-11-17T00:01:00Z,2025,11,957009,22169,7540
g8j5Zbxt-Zo,UC1yBKRuGpC1tSM73A0ZjYjQ,The Young Turks,liberal,2025-11-04T21:15:48Z,2025,11,899353,10031,0
Ad19jJk7hzA,UC1yBKRuGpC1tSM73A0ZjYjQ,The Young Turks,liberal,2025-10-31T02:00:17Z,2025,10,848397,28627,10550
aRupzOx3ym8,UC1yBKRuGpC1tSM73A0ZjYjQ,The Young Turks,liberal,2025-10-21T02:00:02Z,2025,10,865563,26054,6292
LObfaI3EAp4,UC1yBKRuGpC1tSM73A0ZjYjQ,The Young Turks,liberal,2025-10-21T00:28:14Z,2025,10,865716,40729,17576
RMrZQ-p-gco,UC1yBKRuGpC1tSM73A0ZjYjQ,The Young Turks,liberal,2025-09-10T21:10:29Z,2025,9,1159879,73070,16943
GWCUmgNNLrs,UC1yBKRuGpC1tSM73A0ZjYjQ,The Young Turks,liberal,2025-09-10T02:30:13Z,2025,9,1253316,29112,8410
Ey69sbYrx38,UC1yBKRuGpC1tSM73A0ZjYjQ,The Young Turks,liberal,2025-09-09T02:00:16Z,2025,9,2012498,41576,22855
LTQP3eFFZK8,UC1yBKRuGpC1tSM73A0ZjYjQ,The Young Turks,liberal,2025-08-30T00:30:07Z,2025,8,885757,23004,7267
mbvw5bKxdtw,UC1yBKRuGpC1tSM73A0ZjYjQ,The Young Turks,liberal,2025-08-26T02:32:25Z,2025,8,900683,41934,13475
m1bVnwZvkqc,UC1yBKRuGpC1tSM73A0ZjYjQ,The Young Turks,liberal,2025-08-25T21:13:32Z,2025,8,1331553,104650,5684
Wp7uLKCqqX8,UC1yBKRuGpC1tSM73A0ZjYjQ,The Young Turks,liberal,2025-07-29T01:15:03Z,2025,7,1422106,46324,8733
ewgmPWN45Ls,UC1yBKRuGpC1tSM73A0ZjYjQ,The Young Turks,liberal,2025-07-11T02:55:42Z,2025,7,1044068,42018,1402
umJYNsNxVPA,UC1yBKRuGpC1tSM73A0ZjYjQ,The Young Turks,liberal,2025-07-08T02:00:53Z,2025,7,713588,17049,5237
atKyjikd9xs,UC1yBKRuGpC1tSM73A0ZjYjQ,The Young Turks,liberal,2025-06-25T03:40:01Z,2025,6,1099558,109416,9592
mbUMF9fHhBo,UC1yBKRuGpC1tSM73A0ZjYjQ,The Young Turks,liberal,2025-06-22T01:24:47Z,2025,6,1072703,45829,5331
NQLuSBFygkU,UC1yBKRuGpC1tSM73A0ZjYjQ,The Young Turks,liberal,2025-06-17T13:30:30Z,2025,6,1670806,97631,3864
m8BpiWVt77A,UC1yBKRuGpC1tSM73A0ZjYjQ,The Young Turks,liberal,2025-05-30T02:15:07Z,2025,5,1098175,57054,2583
jRVSwExuhmM,UC1yBKRuGpC1tSM73A0ZjYjQ,The Young Turks,liberal,2025-05-23T19:30:10Z,2025,5,1641022,38139,1444
YfK8b233ePY,UC1yBKRuGpC1tSM73A0ZjYjQ,The Young Turks,liberal,2025-05-08T02:00:29Z,2025,5,2246047,128021,5197
3faqG4GVK8Y,UC1yBKRuGpC1tSM73A0ZjYjQ,The Young Turks,liberal,2025-04-30T03:30:01Z,2025,4,241139,9284,4092
kaoOIde_u80,UC1yBKRuGpC1tSM73A0ZjYjQ,The Young Turks,liberal,2025-04-09T00:30:06Z,2025,4,2257725,49074,10603
KorflXyfIfU,UC1yBKRuGpC1tSM73A0ZjYjQ,The Young Turks,liberal,2025-04-01T01:30:08Z,2025,4,235492,7363,1981
5eaMiN30TuQ,UC1yBKRuGpC1tSM73A0ZjYjQ,The Young Turks,liberal,2025-03-27T00:00:06Z,2025,3,406387,14211,22265
vZwSs3KqWiE,UC1yBKRuGpC1tSM73A0ZjYjQ,The Young Turks,liberal,2025-03-24T19:00:55Z,2025,3,593717,21203,2668
lgwmCGT1I5Q,UC1yBKRuGpC1tSM73A0ZjYjQ,The Young Turks,liberal,2025-03-09T01:30:24Z,2025,3,933816,24975,6029
26M_HhZwr2c,UC1yBKRuGpC1tSM73A0ZjYjQ,The Young Turks,liberal,2025-02-27T02:45:00Z,2025,2,531335,11446,5982
ORNMfDwlIuQ,UC1yBKRuGpC1tSM73A0ZjYjQ,The Young Turks,liberal,2025-02-18T02:30:11Z,2025,2,367680,13590,4891
uy5w8_FqXcI,UC1yBKRuGpC1tSM73A0ZjYjQ,The Young Turks,liberal,2025-02-08T21:00:37Z,2025,2,1148933,23309,7630
TUAFQsJsXgU,UC1yBKRuGpC1tSM73A0ZjYjQ,The Young Turks,liberal,2025-01-14T01:15:06Z,2025,1,284639,9268,5017
fNAfKmCAClI,UC1yBKRuGpC1tSM73A0ZjYjQ,The Young Turks,liberal,2025-01-03T04:30:16Z,2025,1,184173,4229,2607
zkUFLpO_RDI,UC1yBKRuGpC1tSM73A0ZjYjQ,The Young Turks,liberal,2025-01-02T02:15:05Z,2025,1,166995,4087,1879
OHbfdKT9GGY,UC1yBKRuGpC1tSM73A0ZjYjQ,The Young Turks,liberal,2024-12-31T21:30:01Z,2024,12,496555,10460,1204
K0IrkKawzRA,UC1yBKRuGpC1tSM73A0ZjYjQ,The Young Turks,liberal,2024-12-20T06:45:01Z,2024,12,274265,5984,3074
EzAlmon4OjA,UC1yBKRuGpC1tSM73A0ZjYjQ,The Young Turks,liberal,2024-12-03T03:00:11Z,2024,12,261791,6392,5355
weSfx7XmALA,UC1yBKRuGpC1tSM73A0ZjYjQ,The Young Turks,liberal,2024-11-07T04:30:27Z,2024,11,695164,25143,8169
i26ZDrjkN8U,UC1yBKRuGpC1tSM73A0ZjYjQ,The Young Turks,liberal,2024-11-07T02:15:02Z,2024,11,1477217,27024,12187
gYGy-Ea7jMw,UC1yBKRuGpC1tSM73A0ZjYjQ,The Young Turks,liberal,2024-11-06T07:50:30Z,2024,11,584432,13079,18639
jhabrFcrmb4,UC1yBKRuGpC1tSM73A0ZjYjQ,The Young Turks,liberal,2024-10-29T01:15:01Z,2024,10,660788,14136,5737
qyQbW_iEkSM,UC1yBKRuGpC1tSM73A0ZjYjQ,The Young Turks,liberal,2024-10-15T00:51:58Z,2024,10,1099227,48074,3928
ltaep4m5DBM,UC1yBKRuGpC1tSM73A0ZjYjQ,The Young Turks,liberal,2024-10-09T17:53:11Z,2024,10,1369897,54964,5456
4DR9KP_xqC4,UC1yBKRuGpC1tSM73A0ZjYjQ,The Young Turks,liberal,2024-09-30T23:53:28Z,2024,9,598868,17979,2506
CM5FYB-yNVk,UC1yBKRuGpC1tSM73A0ZjYjQ,The Young Turks,liberal,2024-09-24T19:00:31Z,2024,9,983877,13655,10097
Nhfi_FiXG8k,UC1yBKRuGpC1tSM73A0ZjYjQ,The Young Turks,liberal,2024-09-13T04:15:01Z,2024,9,579286,14297,3668
KWQaqtiN02g,UC1yBKRuGpC1tSM73A0ZjYjQ,The Young Turks,liberal,2024-08-30T02:00:10Z,2024,8,901432,20492,4922
6vdZr4ZGfcs,UC1yBKRuGpC1tSM73A0ZjYjQ,The Young Turks,liberal,2024-08-21T00:00:03Z,2024,8,1106008,36613,4736
4UQnZp5JnMc,UC1yBKRuGpC1tSM73A0ZjYjQ,The Young Turks,liberal,2024-08-03T04:15:00Z,2024,8,969382,14414,2278
FDKBbOwu-5M,UC1yBKRuGpC1tSM73A0ZjYjQ,The Young Turks,liberal,2024-07-16T01:00:05Z,2024,7,1084323,15771,6326
XFx8ivNJpIs,UC1yBKRuGpC1tSM73A0ZjYjQ,The Young Turks,liberal,2024-07-14T02:10:47Z,2024,7,1328062,29828,21617
DkHxBwUyuZg,UC1yBKRuGpC1tSM73A0ZjYjQ,The Young Turks,liberal,2024-07-03T04:45:00Z,2024,7,997453,34123,14335
F2ISI3Mq-RI,UC1yBKRuGpC1tSM73A0ZjYjQ,The Young Turks,liberal,2024-06-29T01:30:07Z,2024,6,868754,14387,11949
UgKg9t9TM_k,UC1yBKRuGpC1tSM73A0ZjYjQ,The Young Turks,liberal,2024-06-16T17:00:18Z,2024,6,874875,18723,2971
cMY16Dh4ut0,UC1yBKRuGpC1tSM73A0ZjYjQ,The Young Turks,liberal,2024-06-15T16:00:33Z,2024,6,3311365,180312,8039
Y9MkN5B-DbU,UC1yBKRuGpC1tSM73A0ZjYjQ,The Young Turks,liberal,2024-05-24T16:00:34Z,2024,5,832917,14584,8562
kMMLy8__6HQ,UC1yBKRuGpC1tSM73A0ZjYjQ,The Young Turks,liberal,2024-05-10T04:00:29Z,2024,5,674066,11516,3270
ZZ5Hg7g0fBc,UC1yBKRuGpC1tSM73A0ZjYjQ,The Young Turks,liberal,2024-05-10T00:30:30Z,2024,5,692250,24969,5002
YQ7IudJBpf0,UC1yBKRuGpC1tSM73A0ZjYjQ,The Young Turks,liberal,2024-04-18T19:00:06Z,2024,4,1119158,17323,16018
1qUS5gdGUtE,UC1yBKRuGpC1tSM73A0ZjYjQ,The Young Turks,liberal,2024-04-06T14:00:02Z,2024,4,4091861,49934,35726
yGzo8wgXc_U,UC1yBKRuGpC1tSM73A0ZjYjQ,The Young Turks,liberal,2024-04-01T02:00:30Z,2024,4,1056155,21074,12053
y7AuiemutsM,UC1yBKRuGpC1tSM73A0ZjYjQ,The Young Turks,liberal,2024-03-20T16:00:46Z,2024,3,917170,18251,18350
ZLGX1eWo3VA,UC1yBKRuGpC1tSM73A0ZjYjQ,The Young Turks,liberal,2024-03-18T19:00:15Z,2024,3,892178,14721,9570
tgKdF8vwUco,UC1yBKRuGpC1tSM73A0ZjYjQ,The Young Turks,liberal,2024-03-01T02:00:20Z,2024,3,633084,30498,19801
kR3SUDOB1W8,UC1yBKRuGpC1tSM73A0ZjYjQ,The Young Turks,liberal,2024-02-24T00:28:53Z,2024,2,644690,39344,3853
lCNr1l1Wwy8,UC1yBKRuGpC1tSM73A0ZjYjQ,The Young Turks,liberal,2024-02-07T22:30:12Z,2024,2,792659,13987,12866
BwJsZlwTr2Y,UC1yBKRuGpC1tSM73A0ZjYjQ,The Young Turks,liberal,2024-02-06T06:00:07Z,2024,2,635610,19950,4493
m9u3-CKSXpU,UC1yBKRuGpC1tSM73A0ZjYjQ,The Young Turks,liberal,2024-01-28T17:00:37Z,2024,1,2000393,23911,22649
ER7FbqP8xyQ,UC1yBKRuGpC1tSM73A0ZjYjQ,The Young Turks,liberal,2024-01-18T20:00:05Z,2024,1,1410193,16952,18193
9O4WNTFN2-8,UC1yBKRuGpC1tSM73A0ZjYjQ,The Young Turks,liberal,2024-01-08T00:00:04Z,2024,1,1611217,18745,14405
LC6QIVT9H-E,UC1yBKRuGpC1tSM73A0ZjYjQ,The Young Turks,liberal,2023-12-19T02:30:13Z,2023,12,838185,33127,15617
MEc2gfWcQEc,UC1yBKRuGpC1tSM73A0ZjYjQ,The Young Turks,liberal,2023-12-10T03:54:15Z,2023,12,843020,49755,4716
Lq0cctQ7i8I,UC1yBKRuGpC1tSM73A0ZjYjQ,The Young Turks,liberal,2023-12-01T02:15:00Z,2023,12,773827,22302,7345
pI93NB0qq2Y,UC1yBKRuGpC1tSM73A0ZjYjQ,The Young Turks,liberal,2023-11-22T17:00:44Z,2023,11,1705643,18918,23191
rBLjOXkKAnE,UC1yBKRuGpC1tSM73A0ZjYjQ,The Young Turks,liberal,2023-11-07T03:06:13Z,2023,11,1202948,28632,11351
fZNdjT7b04s,UC1yBKRuGpC1tSM73A0ZjYjQ,The Young Turks,liberal,2023-11-07T01:52:54Z,2023,11,1301508,51803,7353
qswrpm5MCD4,UC1yBKRuGpC1tSM73A0ZjYjQ,The Young Turks,liberal,2023-10-31T01:55:20Z,2023,10,1813887,50804,8461
15bj1wderh8,UC1yBKRuGpC1tSM73A0ZjYjQ,The Young Turks,liberal,2023-10-11T21:00:01Z,2023,10,1006708,13366,12825
XSACwVvXjPo,UC1yBKRuGpC1tSM73A0ZjYjQ,The Young Turks,liberal,2023-10-09T23:15:56Z,2023,10,1163132,39110,2286
5nLvaLD0jRc,UC1yBKRuGpC1tSM73A0ZjYjQ,The Young Turks,liberal,2023-09-26T01:45:01Z,2023,9,981308,20047,7471
iFDlCc4nn4o,UC1yBKRuGpC1tSM73A0ZjYjQ,The Young Turks,liberal,2023-09-09T01:11:49Z,2023,9,1681073,59681,10644
jDE6plowb2s,UC1yBKRuGpC1tSM73A0ZjYjQ,The Young Turks,liberal,2023-09-01T22:46:36Z,2023,9,901289,36777,7156
r4iFnCL4dWg,UC1yBKRuGpC1tSM73A0ZjYjQ,The Young Turks,liberal,2023-08-24T00:13:47Z,2023,8,1750895,27677,6298
nSCiI4WtFeM,UC1yBKRuGpC1tSM73A0ZjYjQ,The Young Turks,liberal,2023-08-15T02:46:12Z,2023,8,2037084,41791,4899
oGy6DE7vf9Q,UC1yBKRuGpC1tSM73A0ZjYjQ,The Young Turks,liberal,2023-08-13T14:00:35Z,2023,8,1744468,26180,15557
jbPYRa1iL0A,UC1yBKRuGpC1tSM73A0ZjYjQ,The Young Turks,liberal,2023-07-28T02:30:24Z,2023,7,1895296,51659,1280
-eKm4MmNZQI,UC1yBKRuGpC1tSM73A0ZjYjQ,The Young Turks,liberal,2023-07-26T00:59:00Z,2023,7,2918326,91352,6905
wKOMOR3F3nI,UC1yBKRuGpC1tSM73A0ZjYjQ,The Young Turks,liberal,2023-07-05T15:00:46Z,2023,7,1889595,29916,11530
lcb2c7AA0yc,UC1yBKRuGpC1tSM73A0ZjYjQ,The Young Turks,liberal,2023-06-28T21:49:15Z,2023,6,12393490,509281,41183
aq7FbQCoWWs,UC1yBKRuGpC1tSM73A0ZjYjQ,The Young Turks,liberal,2023-06-18T19:14:26Z,2023,6,2330357,62561,6805
cBxvtYgMIHw,UC1yBKRuGpC1tSM73A0ZjYjQ,The Young Turks,liberal,2023-06-08T02:15:03Z,2023,6,3710472,118829,9124
vEq_ueBtzOI,UC1yBKRuGpC1tSM73A0ZjYjQ,The Young Turks,liberal,2023-05-18T18:04:33Z,2023,5,1924778,73240,10975
L5WTMZb8jAI,UC1yBKRuGpC1tSM73A0ZjYjQ,The Young Turks,liberal,2023-05-17T01:00:08Z,2023,5,1003504,13766,3274
2cef3Hy1UUQ,UC1yBKRuGpC1tSM73A0ZjYjQ,The Young Turks,liberal,2023-05-11T02:30:01Z,2023,5,1013236,19854,3671
B-h-7LAI0SA,UC1yBKRuGpC1tSM73A0ZjYjQ,The Young Turks,liberal,2023-04-24T18:30:40Z,2023,4,963838,37988,6408
TEh5RSPwaG8,UC1yBKRuGpC1tSM73A0ZjYjQ,The Young Turks,liberal,2023-04-13T01:30:09Z,2023,4,881019,25402,6449
OHpO_CxlA-E,UC1yBKRuGpC1tSM73A0ZjYjQ,The Young Turks,liberal,2023-04-11T02:45:02Z,2023,4,1002291,28998,6876
RSCoVJ2Xcdk,UC1yBKRuGpC1tSM73A0ZjYjQ,The Young Turks,liberal,2023-03-31T02:04:34Z,2023,3,2530836,71981,2946
xpir2pES-fE,UC1yBKRuGpC1tSM73A0ZjYjQ,The Young Turks,liberal,2023-03-30T04:45:01Z,2023,3,1592605,42604,11087
OFBSwnko3A8,UC1yBKRuGpC1tSM73A0ZjYjQ,The Young Turks,liberal,2023-03-04T08:15:01Z,2023,3,1462761,5873,6076
URNCMMiX3Gg,UC1yBKRuGpC1tSM73A0ZjYjQ,The Young Turks,liberal,2023-02-16T02:15:02Z,2023,2,1123544,18601,4406
O52jNGu9BpA,UC1yBKRuGpC1tSM73A0ZjYjQ,The Young Turks,liberal,2023-02-11T17:00:15Z,2023,2,1443102,19044,10253
hSDJ2jUpTaw,UC1yBKRuGpC1tSM73A0ZjYjQ,The Young Turks,liberal,2023-02-07T19:30:07Z,2023,2,1410824,25062,8735
QlJsRrMiRQI,UC1yBKRuGpC1tSM73A0ZjYjQ,The Young Turks,liberal,2023-01-25T06:00:14Z,2023,1,1564734,20245,4592
vFhDZ3kvsxw,UC1yBKRuGpC1tSM73A0ZjYjQ,The Young Turks,liberal,2023-01-06T05:00:26Z,2023,1,1027611,19257,2881
wQ7KmqtgTk0,UC1yBKRuGpC1tSM73A0ZjYjQ,The Young Turks,liberal,2023-01-04T03:15:02Z,2023,1,1074296,18979,2801
51KVS4OSY4Q,UC1yBKRuGpC1tSM73A0ZjYjQ,The Young Turks,liberal,2022-12-20T07:00:01Z,2022,12,1226556,24610,7675
Pf31ZtNv1Vs,UC1yBKRuGpC1tSM73A0ZjYjQ,The Young Turks,liberal,2022-12-02T06:00:08Z,2022,12,1577660,23393,24423
Rg603D_OgKk,UC1yBKRuGpC1tSM73A0ZjYjQ,The Young Turks,liberal,2022-12-01T05:30:03Z,2022,12,1222233,22096,4827
rsfN9YieRLU,UC1yBKRuGpC1tSM73A0ZjYjQ,The Young Turks,liberal,2022-11-17T06:30:10Z,2022,11,845365,21816,10263
6W0mCYJg7Oc,UC1yBKRuGpC1tSM73A0ZjYjQ,The Young Turks,liberal,2022-11-15T02:45:00Z,2022,11,685279,14588,8701
T9t31MXZhks,UC1yBKRuGpC1tSM73A0ZjYjQ,The Young Turks,liberal,2022-11-12T04:45:00Z,2022,11,878306,16074,3688
REaPdjo-b6M,UC1yBKRuGpC1tSM73A0ZjYjQ,The Young Turks,liberal,2022-10-21T01:00:38Z,2022,10,915459,36691,2163
7cse6d82C2A,UC1yBKRuGpC1tSM73A0ZjYjQ,The Young Turks,liberal,2022-10-10T16:30:02Z,2022,10,765811,9391,6332
D-AuM9N93J8,UC1yBKRuGpC1tSM73A0ZjYjQ,The Young Turks,liberal,2022-10-05T16:00:07Z,2022,10,1591880,26457,28095
befvSDycafk,UC1yBKRuGpC1tSM73A0ZjYjQ,The Young Turks,liberal,2022-09-23T06:15:01Z,2022,9,658565,17450,23452
lpvZdjNEPj0,UC1yBKRuGpC1tSM73A0ZjYjQ,The Young Turks,liberal,2022-09-23T04:45:01Z,2022,9,1364905,25870,7378
ZzzsIyrZjuo,UC1yBKRuGpC1tSM73A0ZjYjQ,The Young Turks,liberal,2022-09-23T04:00:14Z,2022,9,884924,26753,8579
UKSc4xk1HHI,UC1yBKRuGpC1tSM73A0ZjYjQ,The Young Turks,liberal,2022-08-31T23:52:57Z,2022,8,50,1,0
y_vmtXmSD9s,UC1yBKRuGpC1tSM73A0ZjYjQ,The Young Turks,liberal,2022-08-29T22:07:44Z,2022,8,263,0,0
iWv4JwMjlYQ,UC1yBKRuGpC1tSM73A0ZjYjQ,The Young Turks,liberal,2022-08-05T23:10:31Z,2022,8,127,1,1
yAdZMkdb5Qw,UC1yBKRuGpC1tSM73A0ZjYjQ,The Young Turks,liberal,2022-07-15T22:55:59Z,2022,7,142,2,2
ihj7iZ5g7hA,UC1yBKRuGpC1tSM73A0ZjYjQ,The Young Turks,liberal,2022-07-12T23:15:47Z,2022,7,47,0,0
zqbbL3frpDk,UC1yBKRuGpC1tSM73A0ZjYjQ,The Young Turks,liberal,2022-07-05T23:00:09Z,2022,7,33,2,0
pasSgX8csiQ,UC1yBKRuGpC1tSM73A0ZjYjQ,The Young Turks,liberal,2022-06-28T20:53:07Z,2022,6,46,0,0
UsUQc66D8iM,UC1yBKRuGpC1tSM73A0ZjYjQ,The Young Turks,liberal,2022-06-02T04:19:56Z,2022,6,299,1,3
xwbnybAyv9Q,UC1yBKRuGpC1tSM73A0ZjYjQ,The Young Turks,liberal,2022-06-01T22:45:24Z,2022,6,31,1,0
Bg-swGQbHAA,UC1yBKRuGpC1tSM73A0ZjYjQ,The Young Turks,liberal,2022-05-20T22:38:20Z,2022,5,137,1,1
cCm6CvL8O4A,UC1yBKRuGpC1tSM73A0ZjYjQ,The Young Turks,liberal,2022-05-17T02:51:30Z,2022,5,71,1,2
wzbW5k1bNCk,UC1yBKRuGpC1tSM73A0ZjYjQ,The Young Turks,liberal,2022-05-12T23:04:40Z,2022,5,46,2,0
WmtyN6JmeS4,UC1yBKRuGpC1tSM73A0ZjYjQ,The Young Turks,liberal,2022-04-20T01:55:34Z,2022,4,33,1,0
Y6vpshE-4Ds,UC1yBKRuGpC1tSM73A0ZjYjQ,The Young Turks,liberal,2022-04-13T23:00:00Z,2022,4,41,0,0
UgX_w7eS5Bk,UC1yBKRuGpC1tSM73A0ZjYjQ,The Young Turks,liberal,2022-04-05T23:00:00Z,2022,4,25,0,0
8I0wm31dXHk,UC1yBKRuGpC1tSM73A0ZjYjQ,The Young Turks,liberal,2022-03-23T01:44:19Z,2022,3,68,0,0
YR3wlOYdl6o,UC1yBKRuGpC1tSM73A0ZjYjQ,The Young Turks,liberal,2022-03-19T00:16:19Z,2022,3,82,0,1
EqZEaMW_Pu4,UC1yBKRuGpC1tSM73A0ZjYjQ,The Young Turks,liberal,2022-03-08T21:46:03Z,2022,3,159,1,0
q9jdZBgbzMY,UC1yBKRuGpC1tSM73A0ZjYjQ,The Young Turks,liberal,2022-02-16T22:55:05Z,2022,2,27,0,1
jVCLlrfAwGY,UC1yBKRuGpC1tSM73A0ZjYjQ,The Young Turks,liberal,2022-02-16T00:00:00Z,2022,2,177,5,1
WYq1-bsKW60,UC1yBKRuGpC1tSM73A0ZjYjQ,The Young Turks,liberal,2022-02-08T22:27:56Z,2022,2,60,0,0
4Q6v4x36SNQ,UC1yBKRuGpC1tSM73A0ZjYjQ,The Young Turks,liberal,2022-01-31T22:15:50Z,2022,1,187,9,23
Wmy7yCusCbo,UC1yBKRuGpC1tSM73A0ZjYjQ,The Young Turks,liberal,2022-01-31T22:13:11Z,2022,1,38,0,0
B_D7g0lSpL4,UC1yBKRuGpC1tSM73A0ZjYjQ,The Young Turks,liberal,2022-01-25T22:16:08Z,2022,1,137,0,5
xIH0UIa0LoQ,UC1yBKRuGpC1tSM73A0ZjYjQ,The Young Turks,liberal,2021-12-29T21:21:14Z,2021,12,28,0,0
bq6pjihLNRA,UC1yBKRuGpC1tSM73A0ZjYjQ,The Young Turks,liberal,2021-12-17T22:00:00Z,2021,12,32,0,0
yTrLz84cpu8,UC1yBKRuGpC1tSM73A0ZjYjQ,The Young Turks,liberal,2021-12-06T21:59:15Z,2021,12,221,6,1
fxJ1hAILMwk,UC1yBKRuGpC1tSM73A0ZjYjQ,The Young Turks,liberal,2021-11-30T22:15:52Z,2021,11,50,0,4
VY7juFcdZOE,UC1yBKRuGpC1tSM73A0ZjYjQ,The Young Turks,liberal,2021-11-23T00:00:51Z,2021,11,127,2,0
JzgSdQ_5sSc,UC1yBKRuGpC1tSM73A0ZjYjQ,The Young Turks,liberal,2021-11-22T22:07:25Z,2021,11,59,1,1
Yow6gxhBghg,UC1yBKRuGpC1tSM73A0ZjYjQ,The Young Turks,liberal,2021-10-27T23:00:00Z,2021,10,32,0,0
q0cdMtoCmIE,UC1yBKRuGpC1tSM73A0ZjYjQ,The Young Turks,liberal,2021-10-26T21:25:32Z,2021,10,31,2,0
peQazW40Qvg,UC1yBKRuGpC1tSM73A0ZjYjQ,The Young Turks,liberal,2021-10-12T21:10:34Z,2021,10,137,0,0
hYnxPzQ20Wg,UC1yBKRuGpC1tSM73A0ZjYjQ,The Young Turks,liberal,2021-09-24T20:31:40Z,2021,9,868,10,3
9r3q0kWMwkA,UC1yBKRuGpC1tSM73A0ZjYjQ,The Young Turks,liberal,2021-09-08T23:00:24Z,2021,9,127,0,0
y_ck-T4YHe8,UC1yBKRuGpC1tSM73A0ZjYjQ,The Young Turks,liberal,2021-09-03T23:00:28Z,2021,9,262,3,0
zApHFZKtzXU,UC1yBKRuGpC1tSM73A0ZjYjQ,The Young Turks,liberal,2021-08-27T23:00:25Z,2021,8,46,0,1
Xb4IOkZW4Xs,UC1yBKRuGpC1tSM73A0ZjYjQ,The Young Turks,liberal,2021-08-19T04:00:00Z,2021,8,16,1,0
6vzKrV1CKu0,UC1yBKRuGpC1tSM73A0ZjYjQ,The Young Turks,liberal,2021-08-10T22:47:40Z,2021,8,17,0,0
tZIjNEM4B_E,UC1yBKRuGpC1tSM73A0ZjYjQ,The Young Turks,liberal,2021-07-23T03:26:15Z,2021,7,22,0,0
gA-GydjkF6M,UC1yBKRuGpC1tSM73A0ZjYjQ,The Young Turks,liberal,2021-07-16T03:08:41Z,2021,7,135,0,0
V8D8xTu9OxU,UC1yBKRuGpC1tSM73A0ZjYjQ,The Young Turks,liberal,2021-07-01T02:12:28Z,2021,7,42,0,0
pPetoSTFDGY,UC1yBKRuGpC1tSM73A0ZjYjQ,The Young Turks,liberal,2021-06-26T01:37:41Z,2021,6,40,0,0
4XRV4wj0QN4,UC1yBKRuGpC1tSM73A0ZjYjQ,The Young Turks,liberal,2021-06-19T02:03:32Z,2021,6,386,0,6
HhehX3S9Et0,UC1yBKRuGpC1tSM73A0ZjYjQ,The Young Turks,liberal,2021-06-14T18:26:51Z,2021,6,44,0,0
Bxsd8q8ut10,UC1yBKRuGpC1tSM73A0ZjYjQ,The Young Turks,liberal,2021-05-12T00:53:25Z,2021,5,41,3,0
Z4rT_Ovxwr0,UC1yBKRuGpC1tSM73A0ZjYjQ,The Young Turks,liberal,2021-05-11T01:48:53Z,2021,5,33,0,0
l3YWMM5VirU,UC1yBKRuGpC1tSM73A0ZjYjQ,The Young Turks,liberal,2021-05-03T21:25:44Z,2021,5,50,1,1
ZsRBtfdD5ZM,UC1yBKRuGpC1tSM73A0ZjYjQ,The Young Turks,liberal,2021-04-19T20:45:15Z,2021,4,233,1,0
5aQRBjmfLl8,UC1yBKRuGpC1tSM73A0ZjYjQ,The Young Turks,liberal,2021-04-03T01:37:00Z,2021,4,44,1,0
MoGx0Z-BkAI,UC1yBKRuGpC1tSM73A0ZjYjQ,The Young Turks,liberal,2021-04-01T21:15:59Z,2021,4,149,0,0
qa008LNYpKQ,UC1yBKRuGpC1tSM73A0ZjYjQ,The Young Turks,liberal,2021-03-30T01:57:44Z,2021,3,40,0,0
yS2K5nFXKhs,UC1yBKRuGpC1tSM73A0ZjYjQ,The Young Turks,liberal,2021-03-25T01:48:12Z,2021,3,24,0,0
vYSvRmXIyrE,UC1yBKRuGpC1tSM73A0ZjYjQ,The Young Turks,liberal,2021-03-19T03:32:58Z,2021,3,24,0,0
0OybsJszO2I,UC1yBKRuGpC1tSM73A0ZjYjQ,The Young Turks,liberal,2021-02-26T21:05:43Z,2021,2,118,1,0
4n9RywIB_sk,UC1yBKRuGpC1tSM73A0ZjYjQ,The Young Turks,liberal,2021-02-24T20:45:24Z,2021,2,66,1,0
xJazQTVujlM,UC1yBKRuGpC1tSM73A0ZjYjQ,The Young Turks,liberal,2021-02-23T22:28:35Z,2021,2,248,4,5
m0IxZfhTNRM,UC1yBKRuGpC1tSM73A0ZjYjQ,The Young Turks,liberal,2021-01-21T02:52:24Z,2021,1,194,2,1
BR0JLKkkHZo,UC1yBKRuGpC1tSM73A0ZjYjQ,The Young Turks,liberal,2021-01-08T04:07:00Z,2021,1,97,1,0
QLp4tSvxLIc,UC1yBKRuGpC1tSM73A0ZjYjQ,The Young Turks,liberal,2021-01-07T03:29:25Z,2021,1,322,1,2
j0Y9e9IOoDc,UC1yBKRuGpC1tSM73A0ZjYjQ,The Young Turks,liberal,2020-12-23T22:19:55Z,2020,12,9,0,0
-gNUnW0JV4U,UC1yBKRuGpC1tSM73A0ZjYjQ,The Young Turks,liberal,2020-12-17T20:45:17Z,2020,12,8,0,0
hZ__4fe3UPo,UC1yBKRuGpC1tSM73A0ZjYjQ,The Young Turks,liberal,2020-12-08T21:57:25Z,2020,12,10,0,0
RkkfLlRzu-M,UC1yBKRuGpC1tSM73A0ZjYjQ,The Young Turks,liberal,2020-11-04T10:08:17Z,2020,11,142,1,0
ViVqy9CwZzI,UC1yBKRuGpC1tSM73A0ZjYjQ,The Young Turks,liberal,2020-11-04T10:04:57Z,2020,11,111,0,0
o6DXuTeya6c,UC1yBKRuGpC1tSM73A0ZjYjQ,The Young Turks,liberal,2020-11-03T23:40:48Z,2020,11,60,1,0
ugSyDtDqoiI,UC1yBKRuGpC1tSM73A0ZjYjQ,The Young Turks,liberal,2020-10-17T02:41:59Z,2020,10,125,0,0
TBD5rbOWvhQ,UC1yBKRuGpC1tSM73A0ZjYjQ,The Young Turks,liberal,2020-10-08T02:03:37Z,2020,10,125,0,0
9zbLVME4-ac,UC1yBKRuGpC1tSM73A0ZjYjQ,The Young Turks,liberal,2020-10-07T23:38:00Z,2020,10,132,0,1
LZn8X_QsptA,UC1yBKRuGpC1tSM73A0ZjYjQ,The Young Turks,liberal,2020-09-26T02:30:56Z,2020,9,16,0,0
2nX32t-OgEs,UC1yBKRuGpC1tSM73A0ZjYjQ,The Young Turks,liberal,2020-09-11T20:51:08Z,2020,9,19,1,0
k-Io_l9vND8,UC1yBKRuGpC1tSM73A0ZjYjQ,The Young Turks,liberal,2020-09-02T21:36:03Z,2020,9,29,0,0
xaPTm1pKeVc,UC1yBKRuGpC1tSM73A0ZjYjQ,The Young Turks,liberal,2020-08-26T21:10:13Z,2020,8,18,0,0
eoRDHWRzOhg,UC1yBKRuGpC1tSM73A0ZjYjQ,The Young Turks,liberal,2020-08-26T00:57:45Z,2020,8,18,0,0
cD6wlGjbUTM,UC1yBKRuGpC1tSM73A0ZjYjQ,The Young Turks,liberal,2020-08-04T21:12:46Z,2020,8,33,0,0
3UrPYiqluiA,UC1yBKRuGpC1tSM73A0ZjYjQ,The Young Turks,liberal,2020-07-22T21:56:30Z,2020,7,13,0,0
44EXtUhALUI,UC1yBKRuGpC1tSM73A0ZjYjQ,The Young Turks,liberal,2020-07-22T00:07:34Z,2020,7,54,1,0
ZgBso6SavYI,UC1yBKRuGpC1tSM73A0ZjYjQ,The Young Turks,liberal,2020-07-16T22:12:36Z,2020,7,15,0,0
OnpvjJxTIUQ,UC1yBKRuGpC1tSM73A0ZjYjQ,The Young Turks,liberal,2020-06-29T21:17:01Z,2020,6,31,1,0
UwI-z8gAuBY,UC1yBKRuGpC1tSM73A0ZjYjQ,The Young Turks,liberal,2020-06-10T21:03:23Z,2020,6,64,0,0
GuSfwBhMmEQ,UC1yBKRuGpC1tSM73A0ZjYjQ,The Young Turks,liberal,2020-06-08T20:34:35Z,2020,6,25,0,0
v47wMsxNBNc,UC1yBKRuGpC1tSM73A0ZjYjQ,The Young Turks,liberal,2020-05-13T22:15:08Z,2020,5,24,1,0
rm8_MGIgvoM,UC1yBKRuGpC1tSM73A0ZjYjQ,The Young Turks,liberal,2020-05-12T21:32:47Z,2020,5,31,0,0
35RoqoY_GcE,UC1yBKRuGpC1tSM73A0ZjYjQ,The Young Turks,liberal,2020-05-08T23:35:52Z,2020,5,8,0,0
zaE9lBPBA9c,UC1yBKRuGpC1tSM73A0ZjYjQ,The Young Turks,liberal,2020-04-29T22:36:19Z,2020,4,16,0,0
O83osh55wOc,UC1yBKRuGpC1tSM73A0ZjYjQ,The Young Turks,liberal,2020-04-16T22:56:12Z,2020,4,9,0,0
DAAoj5B0HsQ,UC1yBKRuGpC1tSM73A0ZjYjQ,The Young Turks,liberal,2020-04-02T23:50:53Z,2020,4,13,0,0
8GTBTixJw-8,UC1yBKRuGpC1tSM73A0ZjYjQ,The Young Turks,liberal,2020-03-19T07:12:11Z,2020,3,17,0,0
HeI-CP4QXx0,UC1yBKRuGpC1tSM73A0ZjYjQ,The Young Turks,liberal,2020-03-19T02:28:49Z,2020,3,30,0,0
OJLs9oDdfUM,UC1yBKRuGpC1tSM73A0ZjYjQ,The Young Turks,liberal,2020-03-04T00:46:45Z,2020,3,15,0,0
YdEw7kKxLGc,UC1yBKRuGpC1tSM73A0ZjYjQ,The Young Turks,liberal,2020-02-18T00:56:53Z,2020,2,25,0,0
cc_PwCevBGo,UC1yBKRuGpC1tSM73A0ZjYjQ,The Young Turks,liberal,2020-02-11T00:54:53Z,2020,2,33,0,0
lcZGydP1_sg,UC1yBKRuGpC1tSM73A0ZjYjQ,The Young Turks,liberal,2020-02-10T21:15:09Z,2020,2,46,0,1
TB9qTBuzrxQ,UC1yBKRuGpC1tSM73A0ZjYjQ,The Young Turks,liberal,2020-01-31T21:30:50Z,2020,1,41,1,0
Xa4YUlkNPRU,UC1yBKRuGpC1tSM73A0ZjYjQ,The Young Turks,liberal,2020-01-09T20:32:59Z,2020,1,18,1,0
jHyIwUqv1os,UC1yBKRuGpC1tSM73A0ZjYjQ,The Young Turks,liberal,2020-01-03T21:07:26Z,2020,1,35,1,1
ZGqABtq1-vg,UC1yBKRuGpC1tSM73A0ZjYjQ,The Young Turks,liberal,2019-12-30T21:18:42Z,2019,12,18,0,0
byrPyBMZ79U,UC1yBKRuGpC1tSM73A0ZjYjQ,The Young Turks,liberal,2019-12-27T22:15:09Z,2019,12,14,0,0
iUj1hQC_vWM,UC1yBKRuGpC1tSM73A0ZjYjQ,The Young Turks,liberal,2019-12-02T21:32:45Z,2019,12,19,0,0
hU7SHVG8Aeo,UC1yBKRuGpC1tSM73A0ZjYjQ,The Young Turks,liberal,2019-11-27T21:21:29Z,2019,11,72,2,0
ne6eYwmc7oA,UC1yBKRuGpC1tSM73A0ZjYjQ,The Young Turks,liberal,2019-11-13T22:43:16Z,2019,11,31,1,0
xv7f2eXR8XI,UC1yBKRuGpC1tSM73A0ZjYjQ,The Young Turks,liberal,2019-11-11T21:37:30Z,2019,11,91,1,0
2Eb2kPjP60c,UC1yBKRuGpC1tSM73A0ZjYjQ,The Young Turks,liberal,2019-10-29T21:57:34Z,2019,10,55,1,0
dT-1o3FA22I,UC1yBKRuGpC1tSM73A0ZjYjQ,The Young Turks,liberal,2019-10-24T00:05:52Z,2019,10,113,0,2
tc3T3wHLiuE,UC1yBKRuGpC1tSM73A0ZjYjQ,The Young Turks,liberal,2019-10-11T00:19:11Z,2019,10,26,0,0
Jg2ZiDgQpo4,UC1yBKRuGpC1tSM73A0ZjYjQ,The Young Turks,liberal,2019-09-18T20:44:00Z,2019,9,27,0,0
RVtyFvxPzug,UC1yBKRuGpC1tSM73A0ZjYjQ,The Young Turks,liberal,2019-09-12T00:17:00Z,2019,9,35,0,0
lBSaYQqNlxQ,UC1yBKRuGpC1tSM73A0ZjYjQ,The Young Turks,liberal,2019-09-11T00:47:27Z,2019,9,27,0,0
n5tk2K68hoY,UC1yBKRuGpC1tSM73A0ZjYjQ,The Young Turks,liberal,2019-08-27T00:19:23Z,2019,8,73,0,0
zfu0bG0V3-Q,UC1yBKRuGpC1tSM73A0ZjYjQ,The Young Turks,liberal,2019-08-15T21:11:20Z,2019,8,605,1,0
k4I1ugk52b0,UC1yBKRuGpC1tSM73A0ZjYjQ,The Young Turks,liberal,2019-08-14T00:20:35Z,2019,8,75,1,0
S5VKH97fPrw,UC1yBKRuGpC1tSM73A0ZjYjQ,The Young Turks,liberal,2019-07-10T19:52:07Z,2019,7,682,0,0
yRJb5m6N2tU,UC1yBKRuGpC1tSM73A0ZjYjQ,The Young Turks,liberal,2019-07-10T01:16:36Z,2019,7,99,0,1
tzsc-UM2yMI,UC1yBKRuGpC1tSM73A0ZjYjQ,The Young Turks,liberal,2019-07-01T19:15:34Z,2019,7,60,1,0
m9_iRCLxmvQ,UC1yBKRuGpC1tSM73A0ZjYjQ,The Young Turks,liberal,2019-06-13T19:49:44Z,2019,6,30,2,0
OOO7qUFcCFk,UC1yBKRuGpC1tSM73A0ZjYjQ,The Young Turks,liberal,2019-06-13T03:38:24Z,2019,6,45,0,0
-1bi24myLTA,UC1yBKRuGpC1tSM73A0ZjYjQ,The Young Turks,liberal,2019-06-06T20:19:02Z,2019,6,59,0,0
-CFfG8U6-Tw,UC1yBKRuGpC1tSM73A0ZjYjQ,The Young Turks,liberal,2019-05-30T23:54:13Z,2019,5,58,0,0
Ig4NVZQKVso,UC1yBKRuGpC1tSM73A0ZjYjQ,The Young Turks,liberal,2019-05-17T02:01:11Z,2019,5,45,0,1
TcHr-ik8tts,UC1yBKRuGpC1tSM73A0ZjYjQ,The Young Turks,liberal,2019-05-10T00:05:31Z,2019,5,90,0,0
i6FdiLFyoIs,UC1yBKRuGpC1tSM73A0ZjYjQ,The Young Turks,liberal,2019-04-15T20:19:47Z,2019,4,33,1,0
4_wXFj4VlsI,UC1yBKRuGpC1tSM73A0ZjYjQ,The Young Turks,liberal,2019-04-12T00:15:37Z,2019,4,51,0,1
IISn-NsHpEs,UC1yBKRuGpC1tSM73A0ZjYjQ,The Young Turks,liberal,2019-04-10T20:09:02Z,2019,4,32,0,0
FIETbiSb19k,UC1yBKRuGpC1tSM73A0ZjYjQ,The Young Turks,liberal,2019-03-18T15:01:04Z,2019,3,45,1,1
ntxMxrvxiLA,UC1yBKRuGpC1tSM73A0ZjYjQ,The Young Turks,liberal,2019-03-18T14:57:10Z,2019,3,100,1,1
C1km0CqqM1c,UC1yBKRuGpC1tSM73A0ZjYjQ,The Young Turks,liberal,2019-03-14T03:35:57Z,2019,3,126,1,2
XtEaNzi8gxI,UC1yBKRuGpC1tSM73A0ZjYjQ,The Young Turks,liberal,2019-02-22T01:40:56Z,2019,2,66,0,4
_SEZS4Wf090,UC1yBKRuGpC1tSM73A0ZjYjQ,The Young Turks,liberal,2019-02-15T01:53:24Z,2019,2,114,0,0
fI6TRdhQHnI,UC1yBKRuGpC1tSM73A0ZjYjQ,The Young Turks,liberal,2019-02-12T00:55:53Z,2019,2,105,1,1
YXJpIWiEV48,UC1yBKRuGpC1tSM73A0ZjYjQ,The Young Turks,liberal,2019-01-25T01:36:39Z,2019,1,109,0,1
avKHxZuD_4Q,UC1yBKRuGpC1tSM73A0ZjYjQ,The Young Turks,liberal,2019-01-17T20:50:23Z,2019,1,38,5,0
GC1Yb_4ASpE,UC1yBKRuGpC1tSM73A0ZjYjQ,The Young Turks,liberal,2019-01-12T00:57:13Z,2019,1,85,2,0
JNFKDO4kXPg,UC1yBKRuGpC1tSM73A0ZjYjQ,The Young Turks,liberal,2018-12-17T22:00:44Z,2018,12,36248,187,63
M8ithK_7jIo,UC1yBKRuGpC1tSM73A0ZjYjQ,The Young Turks,liberal,2018-12-15T00:58:53Z,2018,12,332,1,0
TCuwP9zf-1Y,UC1yBKRuGpC1tSM73A0ZjYjQ,The Young Turks,liberal,2018-12-06T21:39:37Z,2018,12,56,1,0
8yttd0a2DKg,UC1yBKRuGpC1tSM73A0ZjYjQ,The Young Turks,liberal,2018-11-17T01:01:19Z,2018,11,53,0,0
s-gCjtSxQy8,UC1yBKRuGpC1tSM73A0ZjYjQ,The Young Turks,liberal,2018-11-14T02:06:08Z,2018,11,43,0,0
CDogI81gGWs,UC1yBKRuGpC1tSM73A0ZjYjQ,The Young Turks,liberal,2018-11-07T21:27:00Z,2018,11,60,1,0
df71FDs0ZyQ,UC1yBKRuGpC1tSM73A0ZjYjQ,The Young Turks,liberal,2018-10-31T20:21:09Z,2018,10,61,0,0
NkDWvdTLOqE,UC1yBKRuGpC1tSM73A0ZjYjQ,The Young Turks,liberal,2018-10-30T01:11:16Z,2018,10,35,0,0
3M2QxRwfiy0,UC1yBKRuGpC1tSM73A0ZjYjQ,The Young Turks,liberal,2018-10-23T19:46:34Z,2018,10,43,2,0
pzRdnNYuLlM,UC1yBKRuGpC1tSM73A0ZjYjQ,The Young Turks,liberal,2018-09-22T01:03:55Z,2018,9,338,0,2
0CsvywoVMd8,UC1yBKRuGpC1tSM73A0ZjYjQ,The Young Turks,liberal,2018-09-19T13:25:24Z,2018,9,34,1,0
Z_9vWSl7ypI,UC1yBKRuGpC1tSM73A0ZjYjQ,The Young Turks,liberal,2018-09-07T19:57:00Z,2018,9,50,2,0
WeM5yPeHICE,UC1yBKRuGpC1tSM73A0ZjYjQ,The Young Turks,liberal,2018-08-29T17:12:00Z,2018,8,269,5,0
EeYD-wcEprQ,UC1yBKRuGpC1tSM73A0ZjYjQ,The Young Turks,liberal,2018-08-23T04:00:00Z,2018,8,76,1,0
-0QptF4q9lI,UC1yBKRuGpC1tSM73A0ZjYjQ,The Young Turks,liberal,2018-08-06T04:00:00Z,2018,8,43,0,0
iLLe-bc3pTE,UC1yBKRuGpC1tSM73A0ZjYjQ,The Young Turks,liberal,2018-07-19T04:00:00Z,2018,7,66,2,0
STUiZFtOn3A,UC1yBKRuGpC1tSM73A0ZjYjQ,The Young Turks,liberal,2018-07-16T04:00:00Z,2018,7,61,0,0
TDZbOocnxNI,UC1yBKRuGpC1tSM73A0ZjYjQ,The Young Turks,liberal,2018-07-05T23:40:00Z,2018,7,39,0,0
6wMLO0GnSeE,UC1yBKRuGpC1tSM73A0ZjYjQ,The Young Turks,liberal,2018-06-26T04:00:00Z,2018,6,80,0,0
k2IzwQLVW4E,UC1yBKRuGpC1tSM73A0ZjYjQ,The Young Turks,liberal,2018-06-14T04:00:00Z,2018,6,22,0,0
MmiwwDtkqkA,UC1yBKRuGpC1tSM73A0ZjYjQ,The Young Turks,liberal,2018-06-13T04:00:00Z,2018,6,58,1,0
160dU8mSW18,UC1yBKRuGpC1tSM73A0ZjYjQ,The Young Turks,liberal,2018-05-22T03:00:00Z,2018,5,359,1,0
rf4UhOjeV5c,UC1yBKRuGpC1tSM73A0ZjYjQ,The Young Turks,liberal,2018-05-17T04:00:00Z,2018,5,42,0,0
DDmOt6MwNhI,UC1yBKRuGpC1tSM73A0ZjYjQ,The Young Turks,liberal,2018-05-10T04:00:00Z,2018,5,47,0,0
W8Sp5gwIVz8,UC1yBKRuGpC1tSM73A0ZjYjQ,The Young Turks,liberal,2018-04-30T04:00:00Z,2018,4,68,0,0
KgrQucjh0JA,UC1yBKRuGpC1tSM73A0ZjYjQ,The Young Turks,liberal,2018-04-10T04:00:00Z,2018,4,90,1,0
kZWiQA5bEnI,UC1yBKRuGpC1tSM73A0ZjYjQ,The Young Turks,liberal,2018-04-06T04:00:00Z,2018,4,72,0,0
DcP4T2adoo0,UC1yBKRuGpC1tSM73A0ZjYjQ,The Young Turks,liberal,2018-03-27T23:34:00Z,2018,3,48,0,3
0laIux0pmyY,UC1yBKRuGpC1tSM73A0ZjYjQ,The Young Turks,liberal,2018-03-22T02:20:00Z,2018,3,53,0,1
8bSCNPcIC1A,UC1yBKRuGpC1tSM73A0ZjYjQ,The Young Turks,liberal,2018-03-02T03:07:00Z,2018,3,46,0,0
8YDT0hdS1Jk,UC1yBKRuGpC1tSM73A0ZjYjQ,The Young Turks,liberal,2018-02-24T02:58:00Z,2018,2,73,0,0
SeOM5G-5oug,UC1yBKRuGpC1tSM73A0ZjYjQ,The Young Turks,liberal,2018-02-16T02:52:00Z,2018,2,33,0,1
uTZhBXO5ync,UC1yBKRuGpC1tSM73A0ZjYjQ,The Young Turks,liberal,2018-02-15T03:05:00Z,2018,2,21,0,0
IWCzniTvdyc,UC1yBKRuGpC1tSM73A0ZjYjQ,The Young Turks,liberal,2018-01-30T03:24:00Z,2018,1,61,1,0
8hJJfamTeJo,UC1yBKRuGpC1tSM73A0ZjYjQ,The Young Turks,liberal,2018-01-09T02:37:00Z,2018,1,158,0,1
xCf9yKmV7hA,UC1yBKRuGpC1tSM73A0ZjYjQ,The Young Turks,liberal,2018-01-05T20:21:00Z,2018,1,30,1,0
